question_id,related_question_id,poll_name
2231,2231,Religious Group (v5)
4693,2231,Religious Group (v6)
2232,2232,Religious Group (v5)
4669,2232,Religious Group (v6)
7734,2232,Religious Text (v1.0)
2233,2233,Religious Group (v5)
4751,2233,Religious Group (v6)
2234,2234,Religious Group (v5)
4685,2234,Religious Group (v6)
2235,2235,Religious Group (v5)
4686,2235,Religious Group (v6)
2236,2236,Religious Group (v5)
4718,2236,Religious Group (v6)
2237,2237,Religious Group (v5)
4736,2237,Religious Group (v6)
7691,2237,Religious Text (v1.0)
2238,2238,Religious Group (v5)
4656,2238,Religious Group (v6)
2239,2239,Religious Group (v5)
4737,2239,Religious Group (v6)
7692,2239,Religious Text (v1.0)
2240,2240,Religious Group (v5)
4748,2240,Religious Group (v6)
5321,2240,Religious Place (v1)
5745,2240,Religious Place (v1.1)
6422,2240,Religious Place (v1.2)
2241,2241,Religious Group (v5)
4727,2241,Religious Group (v6)
2242,2242,Religious Group (v5)
4712,2242,Religious Group (v6)
2243,2243,Religious Group (v5)
4722,2243,Religious Group (v6)
2244,2244,Religious Group (v5)
4775,2244,Religious Group (v6)
5407,2244,Religious Place (v1)
5831,2244,Religious Place (v1.1)
6508,2244,Religious Place (v1.2)
7653,2244,Religious Text (v1.0)
2245,2245,Religious Group (v5)
4721,2245,Religious Group (v6)
2246,2246,Religious Group (v5)
4763,2246,Religious Group (v6)
5979,2246,Religious Place (v1.1)
6656,2246,Religious Place (v1.2)
7895,2246,Religious Text (v1.0)
2247,2247,Religious Group (v5)
4709,2247,Religious Group (v6)
2248,2248,Religious Group (v5)
4689,2248,Religious Group (v6)
2249,2249,Religious Group (v5)
4682,2249,Religious Group (v6)
6825,2249,Religious Text (v0.1)
7665,2249,Religious Text (v1.0)
2250,2250,Religious Group (v5)
4673,2250,Religious Group (v6)
7749,2250,Religious Text (v1.0)
2251,2251,Religious Group (v5)
4768,2251,Religious Group (v6)
5398,2251,Religious Place (v1)
5822,2251,Religious Place (v1.1)
6499,2251,Religious Place (v1.2)
7643,2251,Religious Text (v1.0)
2252,2252,Religious Group (v5)
4684,2252,Religious Group (v6)
2253,2253,Religious Group (v5)
4730,2253,Religious Group (v6)
6071,2253,Religious Place (v1.1)
6748,2253,Religious Place (v1.2)
2254,2254,Religious Group (v5)
4732,2254,Religious Group (v6)
6847,2254,Religious Text (v0.1)
7687,2254,Religious Text (v1.0)
2255,2255,Religious Group (v5)
4683,2255,Religious Group (v6)
6826,2255,Religious Text (v0.1)
7666,2255,Religious Text (v1.0)
2256,2256,Religious Group (v5)
4658,2256,Religious Group (v6)
2257,2257,Religious Group (v5)
4717,2257,Religious Group (v6)
2258,2258,Religious Group (v5)
4711,2258,Religious Group (v6)
2259,2259,Religious Group (v5)
4695,2259,Religious Group (v6)
2260,2260,Religious Group (v5)
4719,2260,Religious Group (v6)
2261,2261,Religious Group (v5)
4681,2261,Religious Group (v6)
6824,2261,Religious Text (v0.1)
7664,2261,Religious Text (v1.0)
2262,2262,Religious Group (v5)
4666,2262,Religious Group (v6)
2263,2263,Religious Group (v5)
4762,2263,Religious Group (v6)
5563,2263,Religious Place (v1)
5978,2263,Religious Place (v1.1)
6655,2263,Religious Place (v1.2)
7894,2263,Religious Text (v1.0)
2264,2264,Religious Group (v5)
4705,2264,Religious Group (v6)
2265,2265,Religious Group (v5)
4745,2265,Religious Group (v6)
5318,2265,Religious Place (v1)
5742,2265,Religious Place (v1.1)
6419,2265,Religious Place (v1.2)
2266,2266,Religious Group (v5)
4744,2266,Religious Group (v6)
6865,2266,Religious Text (v0.1)
7705,2266,Religious Text (v1.0)
2267,2267,Religious Group (v5)
4664,2267,Religious Group (v6)
2268,2268,Religious Group (v5)
4761,2268,Religious Group (v6)
2269,2269,Religious Group (v5)
4671,2269,Religious Group (v6)
7736,2269,Religious Text (v1.0)
2270,2270,Religious Group (v5)
4771,2270,Religious Group (v6)
5401,2270,Religious Place (v1)
5825,2270,Religious Place (v1.1)
6502,2270,Religious Place (v1.2)
7646,2270,Religious Text (v1.0)
2271,2271,Religious Group (v5)
4655,2271,Religious Group (v6)
2272,2272,Religious Group (v5)
4674,2272,Religious Group (v6)
7750,2272,Religious Text (v1.0)
2273,2273,Religious Group (v5)
4725,2273,Religious Group (v6)
2274,2274,Religious Group (v5)
4755,2274,Religious Group (v6)
6780,2274,Religious Text (v0.1)
7620,2274,Religious Text (v1.0)
2275,2275,Religious Group (v5)
4688,2275,Religious Group (v6)
2276,2276,Religious Group (v5)
4746,2276,Religious Group (v6)
5319,2276,Religious Place (v1)
5743,2276,Religious Place (v1.1)
6420,2276,Religious Place (v1.2)
2277,2277,Religious Group (v5)
4657,2277,Religious Group (v6)
2278,2278,Religious Group (v5)
4756,2278,Religious Group (v6)
6782,2278,Religious Text (v0.1)
7622,2278,Religious Text (v1.0)
2279,2279,Religious Group (v5)
4753,2279,Religious Group (v6)
6778,2279,Religious Text (v0.1)
7618,2279,Religious Text (v1.0)
2280,2280,Religious Group (v5)
4726,2280,Religious Group (v6)
2281,2281,Religious Group (v5)
4699,2281,Religious Group (v6)
6880,2281,Religious Text (v0.1)
7720,2281,Religious Text (v1.0)
2282,2282,Religious Group (v5)
4728,2282,Religious Group (v6)
2283,2283,Religious Group (v5)
4764,2283,Religious Group (v6)
2284,2284,Religious Group (v5)
4662,2284,Religious Group (v6)
2285,2285,Religious Group (v5)
4713,2285,Religious Group (v6)
2286,2286,Religious Group (v5)
4675,2286,Religious Group (v6)
7751,2286,Religious Text (v1.0)
2287,2287,Religious Group (v5)
4733,2287,Religious Group (v6)
7688,2287,Religious Text (v1.0)
2288,2288,Religious Group (v5)
4770,2288,Religious Group (v6)
5400,2288,Religious Place (v1)
5824,2288,Religious Place (v1.1)
6501,2288,Religious Place (v1.2)
7645,2288,Religious Text (v1.0)
2289,2289,Religious Group (v5)
4720,2289,Religious Group (v6)
2290,2290,Religious Group (v5)
4739,2290,Religious Group (v6)
6854,2290,Religious Text (v0.1)
7694,2290,Religious Text (v1.0)
2291,2291,Religious Group (v5)
4741,2291,Religious Group (v6)
6857,2291,Religious Text (v0.1)
7697,2291,Religious Text (v1.0)
2292,2292,Religious Group (v5)
4703,2292,Religious Group (v6)
2293,2293,Religious Group (v5)
4707,2293,Religious Group (v6)
2294,2294,Religious Group (v5)
4667,2294,Religious Group (v6)
2295,2295,Religious Group (v5)
4735,2295,Religious Group (v6)
7690,2295,Religious Text (v1.0)
2296,2296,Religious Group (v5)
4708,2296,Religious Group (v6)
2297,2297,Religious Group (v5)
4690,2297,Religious Group (v6)
2298,2298,Religious Group (v5)
4672,2298,Religious Group (v6)
7737,2298,Religious Text (v1.0)
2299,2299,Religious Group (v5)
4663,2299,Religious Group (v6)
2300,2300,Religious Group (v5)
4676,2300,Religious Group (v6)
6818,2300,Religious Text (v0.1)
7658,2300,Religious Text (v1.0)
2301,2301,Religious Group (v5)
4700,2301,Religious Group (v6)
6884,2301,Religious Text (v0.1)
7724,2301,Religious Text (v1.0)
2302,2302,Religious Group (v5)
4754,2302,Religious Group (v6)
6779,2302,Religious Text (v0.1)
7619,2302,Religious Text (v1.0)
2303,2303,Religious Group (v5)
4749,2303,Religious Group (v6)
5322,2303,Religious Place (v1)
5746,2303,Religious Place (v1.1)
6423,2303,Religious Place (v1.2)
2304,2304,Religious Group (v5)
4714,2304,Religious Group (v6)
2305,2305,Religious Group (v5)
4659,2305,Religious Group (v6)
2306,2306,Religious Group (v5)
4747,2306,Religious Group (v6)
5320,2306,Religious Place (v1)
5744,2306,Religious Place (v1.1)
6421,2306,Religious Place (v1.2)
2307,2307,Religious Group (v5)
4766,2307,Religious Group (v6)
5396,2307,Religious Place (v1)
5820,2307,Religious Place (v1.1)
6497,2307,Religious Place (v1.2)
7641,2307,Religious Text (v1.0)
2308,2308,Religious Group (v5)
4757,2308,Religious Group (v6)
6783,2308,Religious Text (v0.1)
7623,2308,Religious Text (v1.0)
2309,2309,Religious Group (v5)
4697,2309,Religious Group (v6)
2310,2310,Religious Group (v5)
4694,2310,Religious Group (v6)
2311,2311,Religious Group (v5)
4769,2311,Religious Group (v6)
5399,2311,Religious Place (v1)
5823,2311,Religious Place (v1.1)
6500,2311,Religious Place (v1.2)
7644,2311,Religious Text (v1.0)
2312,2312,Religious Group (v5)
4734,2312,Religious Group (v6)
7689,2312,Religious Text (v1.0)
2313,2313,Religious Group (v5)
4696,2313,Religious Group (v6)
2314,2314,Religious Group (v5)
4738,2314,Religious Group (v6)
7693,2314,Religious Text (v1.0)
2315,2315,Religious Group (v5)
4774,2315,Religious Group (v6)
5404,2315,Religious Place (v1)
5828,2315,Religious Place (v1.1)
6505,2315,Religious Place (v1.2)
7650,2315,Religious Text (v1.0)
2316,2316,Religious Group (v5)
4654,2316,Religious Group (v6)
2317,2317,Religious Group (v5)
4743,2317,Religious Group (v6)
6861,2317,Religious Text (v0.1)
7701,2317,Religious Text (v1.0)
2318,2318,Religious Group (v5)
4692,2318,Religious Group (v6)
2319,2319,Religious Group (v5)
4680,2319,Religious Group (v6)
6822,2319,Religious Text (v0.1)
7662,2319,Religious Text (v1.0)
2320,2320,Religious Group (v5)
4758,2320,Religious Group (v6)
6790,2320,Religious Text (v0.1)
7630,2320,Religious Text (v1.0)
2321,2321,Religious Group (v5)
4687,2321,Religious Group (v6)
2322,2322,Religious Group (v5)
4752,2322,Religious Group (v6)
2323,2323,Religious Group (v5)
4677,2323,Religious Group (v6)
6819,2323,Religious Text (v0.1)
7659,2323,Religious Text (v1.0)
2324,2324,Religious Group (v5)
4760,2324,Religious Group (v6)
2325,2325,Religious Group (v5)
4678,2325,Religious Group (v6)
6820,2325,Religious Text (v0.1)
7660,2325,Religious Text (v1.0)
2326,2326,Religious Group (v5)
4765,2326,Religious Group (v6)
7639,2326,Religious Text (v1.0)
2327,2327,Religious Group (v5)
4759,2327,Religious Group (v6)
2328,2328,Religious Group (v5)
4773,2328,Religious Group (v6)
5403,2328,Religious Place (v1)
5827,2328,Religious Place (v1.1)
6504,2328,Religious Place (v1.2)
7648,2328,Religious Text (v1.0)
2330,2330,Religious Group (v5)
4651,2330,Religious Group (v6)
5230,2330,Religious Place (v1)
5657,2330,Religious Place (v1.1)
6334,2330,Religious Place (v1.2)
6758,2330,Religious Text (v0.1)
7598,2330,Religious Text (v1.0)
2332,2332,Religious Group (v5)
4670,2332,Religious Group (v6)
7735,2332,Religious Text (v1.0)
2335,2335,Religious Group (v5)
4740,2335,Religious Group (v6)
6075,2335,Religious Place (v1.1)
6752,2335,Religious Place (v1.2)
6856,2335,Religious Text (v0.1)
7696,2335,Religious Text (v1.0)
2337,2337,Religious Group (v5)
4715,2337,Religious Group (v6)
2339,2339,Religious Group (v5)
4679,2339,Religious Group (v6)
6821,2339,Religious Text (v0.1)
7661,2339,Religious Text (v1.0)
2341,2341,Religious Group (v5)
4772,2341,Religious Group (v6)
5402,2341,Religious Place (v1)
5826,2341,Religious Place (v1.1)
6503,2341,Religious Place (v1.2)
7647,2341,Religious Text (v1.0)
2343,2343,Religious Group (v5)
4704,2343,Religious Group (v6)
2345,2345,Religious Group (v5)
4706,2345,Religious Group (v6)
2347,2347,Religious Group (v5)
4729,2347,Religious Group (v6)
5646,2347,Religious Place (v1)
6070,2347,Religious Place (v1.1)
6747,2347,Religious Place (v1.2)
6845,2347,Religious Text (v0.1)
7685,2347,Religious Text (v1.0)
2349,2349,Religious Group (v5)
4660,2349,Religious Group (v6)
2351,2351,Religious Group (v5)
4701,2351,Religious Group (v6)
2353,2353,Religious Group (v5)
4710,2353,Religious Group (v6)
2355,2355,Religious Group (v5)
4665,2355,Religious Group (v6)
2357,2357,Religious Group (v5)
4767,2357,Religious Group (v6)
5397,2357,Religious Place (v1)
5821,2357,Religious Place (v1.1)
6498,2357,Religious Place (v1.2)
7642,2357,Religious Text (v1.0)
2359,2359,Religious Group (v5)
4724,2359,Religious Group (v6)
2361,2361,Religious Group (v5)
4698,2361,Religious Group (v6)
6888,2361,Religious Text (v0.1)
7728,2361,Religious Text (v1.0)
2363,2363,Religious Group (v5)
4691,2363,Religious Group (v6)
2365,2365,Religious Group (v5)
4750,2365,Religious Group (v6)
5323,2365,Religious Place (v1)
5747,2365,Religious Place (v1.1)
6424,2365,Religious Place (v1.2)
2368,2368,Religious Group (v5)
4702,2368,Religious Group (v6)
6050,2368,Religious Place (v1.1)
6727,2368,Religious Place (v1.2)
6840,2368,Religious Text (v0.1)
7680,2368,Religious Text (v1.0)
2370,2370,Religious Group (v5)
4723,2370,Religious Group (v6)
2372,2372,Religious Group (v5)
4742,2372,Religious Group (v6)
6858,2372,Religious Text (v0.1)
7698,2372,Religious Text (v1.0)
2374,2374,Religious Group (v5)
4668,2374,Religious Group (v6)
6892,2374,Religious Text (v0.1)
7732,2374,Religious Text (v1.0)
2375,2375,Religious Group (v5)
4731,2375,Religious Group (v6)
6073,2375,Religious Place (v1.1)
6750,2375,Religious Place (v1.2)
6846,2375,Religious Text (v0.1)
7686,2375,Religious Text (v1.0)
2378,2378,Religious Group (v5)
4716,2378,Religious Group (v6)
2841,2841,Religious Group (v5)
4821,2841,Religious Group (v6)
5438,2841,Religious Place (v1)
5862,2841,Religious Place (v1.1)
6539,2841,Religious Place (v1.2)
7135,2841,Religious Text (v0.1)
7975,2841,Religious Text (v1.0)
2842,2842,Religious Group (v5)
4949,2842,Religious Group (v6)
7258,2842,Religious Text (v0.1)
8098,2842,Religious Text (v1.0)
2843,2843,Religious Group (v5)
4825,2843,Religious Group (v6)
5866,2843,Religious Place (v1.1)
6543,2843,Religious Place (v1.2)
7979,2843,Religious Text (v1.0)
2845,2845,Religious Group (v5)
4950,2845,Religious Group (v6)
7259,2845,Religious Text (v0.1)
8099,2845,Religious Text (v1.0)
2847,2847,Religious Group (v5)
4800,2847,Religious Group (v6)
2848,2848,Religious Group (v5)
4868,2848,Religious Group (v6)
5464,2848,Religious Place (v1)
5888,2848,Religious Place (v1.1)
6565,2848,Religious Place (v1.2)
7201,2848,Religious Text (v0.1)
8041,2848,Religious Text (v1.0)
2849,2849,Religious Group (v5)
4966,2849,Religious Group (v6)
8155,2849,Religious Text (v1.0)
2850,2850,Religious Group (v5)
4826,2850,Religious Group (v6)
5867,2850,Religious Place (v1.1)
6544,2850,Religious Place (v1.2)
7980,2850,Religious Text (v1.0)
2851,2851,Religious Group (v5)
4815,2851,Religious Group (v6)
5432,2851,Religious Place (v1)
5856,2851,Religious Place (v1.1)
6533,2851,Religious Place (v1.2)
7970,2851,Religious Text (v1.0)
2852,2852,Religious Group (v5)
4789,2852,Religious Group (v6)
7941,2852,Religious Text (v1.0)
2853,2853,Religious Group (v5)
4881,2853,Religious Group (v6)
7214,2853,Religious Text (v0.1)
8054,2853,Religious Text (v1.0)
2854,2854,Religious Group (v5)
4867,2854,Religious Group (v6)
5463,2854,Religious Place (v1)
5887,2854,Religious Place (v1.1)
6564,2854,Religious Place (v1.2)
7200,2854,Religious Text (v0.1)
8040,2854,Religious Text (v1.0)
2855,2855,Religious Group (v5)
4798,2855,Religious Group (v6)
2856,2856,Religious Group (v5)
4784,2856,Religious Group (v6)
7933,2856,Religious Text (v1.0)
2857,2857,Religious Group (v5)
4810,2857,Religious Group (v6)
6527,2857,Religious Place (v1.2)
7963,2857,Religious Text (v1.0)
2858,2858,Religious Group (v5)
4913,2858,Religious Group (v6)
7244,2858,Religious Text (v0.1)
8084,2858,Religious Text (v1.0)
2859,2859,Religious Group (v5)
4912,2859,Religious Group (v6)
7243,2859,Religious Text (v0.1)
8083,2859,Religious Text (v1.0)
2860,2860,Religious Group (v5)
4790,2860,Religious Group (v6)
7942,2860,Religious Text (v1.0)
2861,2861,Religious Group (v5)
4962,2861,Religious Group (v6)
8151,2861,Religious Text (v1.0)
2862,2862,Religious Group (v5)
4787,2862,Religious Group (v6)
7099,2862,Religious Text (v0.1)
7939,2862,Religious Text (v1.0)
2863,2863,Religious Group (v5)
4880,2863,Religious Group (v6)
7213,2863,Religious Text (v0.1)
8053,2863,Religious Text (v1.0)
2864,2864,Religious Group (v5)
4788,2864,Religious Group (v6)
7940,2864,Religious Text (v1.0)
2867,2867,Religious Group (v5)
4953,2867,Religious Group (v6)
7262,2867,Religious Text (v0.1)
8102,2867,Religious Text (v1.0)
2868,2868,Religious Group (v5)
4776,2868,Religious Group (v6)
7077,2868,Religious Text (v0.1)
7917,2868,Religious Text (v1.0)
2870,2870,Religious Group (v5)
4792,2870,Religious Group (v6)
7944,2870,Religious Text (v1.0)
2871,2871,Religious Group (v5)
4967,2871,Religious Group (v6)
8159,2871,Religious Text (v1.0)
2872,2872,Religious Group (v5)
4960,2872,Religious Group (v6)
8149,2872,Religious Text (v1.0)
2873,2873,Religious Group (v5)
4791,2873,Religious Group (v6)
7943,2873,Religious Text (v1.0)
2876,2876,Religious Group (v5)
4794,2876,Religious Group (v6)
5413,2876,Religious Place (v1)
5837,2876,Religious Place (v1.1)
6514,2876,Religious Place (v1.2)
7109,2876,Religious Text (v0.1)
7949,2876,Religious Text (v1.0)
2877,2877,Religious Group (v5)
4882,2877,Religious Group (v6)
7215,2877,Religious Text (v0.1)
8055,2877,Religious Text (v1.0)
2878,2878,Religious Group (v5)
4918,2878,Religious Group (v6)
7257,2878,Religious Text (v0.1)
8097,2878,Religious Text (v1.0)
2879,2879,Religious Group (v5)
4891,2879,Religious Group (v6)
5891,2879,Religious Place (v1.1)
6568,2879,Religious Place (v1.2)
7222,2879,Religious Text (v0.1)
8062,2879,Religious Text (v1.0)
2880,2880,Religious Group (v5)
4799,2880,Religious Group (v6)
2881,2881,Religious Group (v5)
4817,2881,Religious Group (v6)
5434,2881,Religious Place (v1)
5858,2881,Religious Place (v1.1)
6535,2881,Religious Place (v1.2)
7972,2881,Religious Text (v1.0)
2883,2883,Religious Group (v5)
4961,2883,Religious Group (v6)
8150,2883,Religious Text (v1.0)
2884,2884,Religious Group (v5)
4807,2884,Religious Group (v6)
6523,2884,Religious Place (v1.2)
7960,2884,Religious Text (v1.0)
7981,2884,Religious Text (v1.0)
2885,2885,Religious Group (v5)
4820,2885,Religious Group (v6)
5437,2885,Religious Place (v1)
5861,2885,Religious Place (v1.1)
6538,2885,Religious Place (v1.2)
7974,2885,Religious Text (v1.0)
2886,2886,Religious Group (v5)
4890,2886,Religious Group (v6)
5890,2886,Religious Place (v1.1)
6567,2886,Religious Place (v1.2)
7221,2886,Religious Text (v0.1)
8061,2886,Religious Text (v1.0)
2887,2887,Religious Group (v5)
4969,2887,Religious Group (v6)
5938,2887,Religious Place (v1.1)
6615,2887,Religious Place (v1.2)
8161,2887,Religious Text (v1.0)
2889,2889,Religious Group (v5)
4797,2889,Religious Group (v6)
6517,2889,Religious Place (v1.2)
7952,2889,Religious Text (v1.0)
2890,2890,Religious Group (v5)
4954,2890,Religious Group (v6)
5498,2890,Religious Place (v1)
5922,2890,Religious Place (v1.1)
6599,2890,Religious Place (v1.2)
7295,2890,Religious Text (v0.1)
8135,2890,Religious Text (v1.0)
2892,2892,Religious Group (v5)
4982,2892,Religious Group (v6)
8174,2892,Religious Text (v1.0)
8175,2892,Religious Text (v1.0)
2893,2893,Religious Group (v5)
4827,2893,Religious Group (v6)
7151,2893,Religious Text (v0.1)
7991,2893,Religious Text (v1.0)
2895,2895,Religious Group (v5)
4886,2895,Religious Group (v6)
7219,2895,Religious Text (v0.1)
8059,2895,Religious Text (v1.0)
2897,2897,Religious Group (v5)
4884,2897,Religious Group (v6)
7217,2897,Religious Text (v0.1)
8057,2897,Religious Text (v1.0)
2898,2898,Religious Group (v5)
4977,2898,Religious Group (v6)
5934,2898,Religious Place (v1.1)
6611,2898,Religious Place (v1.2)
8169,2898,Religious Text (v1.0)
2899,2899,Religious Group (v5)
4835,2899,Religious Group (v6)
5451,2899,Religious Place (v1)
5875,2899,Religious Place (v1.1)
6552,2899,Religious Place (v1.2)
7999,2899,Religious Text (v1.0)
2900,2900,Religious Group (v5)
4780,2900,Religious Group (v6)
7089,2900,Religious Text (v0.1)
7929,2900,Religious Text (v1.0)
2901,2901,Religious Group (v5)
4806,2901,Religious Group (v6)
6522,2901,Religious Place (v1.2)
7957,2901,Religious Text (v1.0)
2902,2902,Religious Group (v5)
4972,2902,Religious Group (v6)
8164,2902,Religious Text (v1.0)
2903,2903,Religious Group (v5)
4892,2903,Religious Group (v6)
5892,2903,Religious Place (v1.1)
6569,2903,Religious Place (v1.2)
7223,2903,Religious Text (v0.1)
8063,2903,Religious Text (v1.0)
2904,2904,Religious Group (v5)
4778,2904,Religious Group (v6)
7919,2904,Religious Text (v1.0)
2905,2905,Religious Group (v5)
4896,2905,Religious Group (v6)
5896,2905,Religious Place (v1.1)
6573,2905,Religious Place (v1.2)
7227,2905,Religious Text (v0.1)
8067,2905,Religious Text (v1.0)
2906,2906,Religious Group (v5)
4915,2906,Religious Group (v6)
7254,2906,Religious Text (v0.1)
8094,2906,Religious Text (v1.0)
2907,2907,Religious Group (v5)
4899,2907,Religious Group (v6)
5475,2907,Religious Place (v1)
5899,2907,Religious Place (v1.1)
6576,2907,Religious Place (v1.2)
7230,2907,Religious Text (v0.1)
8070,2907,Religious Text (v1.0)
2908,2908,Religious Group (v5)
4777,2908,Religious Group (v6)
7918,2908,Religious Text (v1.0)
2909,2909,Religious Group (v5)
4885,2909,Religious Group (v6)
7218,2909,Religious Text (v0.1)
8058,2909,Religious Text (v1.0)
2910,2910,Religious Group (v5)
4834,2910,Religious Group (v6)
5450,2910,Religious Place (v1)
5874,2910,Religious Place (v1.1)
6551,2910,Religious Place (v1.2)
7998,2910,Religious Text (v1.0)
2911,2911,Religious Group (v5)
4968,2911,Religious Group (v6)
8160,2911,Religious Text (v1.0)
2912,2912,Religious Group (v5)
4804,2912,Religious Group (v6)
6520,2912,Religious Place (v1.2)
7955,2912,Religious Text (v1.0)
2914,2914,Religious Group (v5)
4781,2914,Religious Group (v6)
7930,2914,Religious Text (v1.0)
2915,2915,Religious Group (v5)
4802,2915,Religious Group (v6)
6518,2915,Religious Place (v1.2)
7953,2915,Religious Text (v1.0)
2916,2916,Religious Group (v5)
4783,2916,Religious Group (v6)
7932,2916,Religious Text (v1.0)
2917,2917,Religious Group (v5)
4970,2917,Religious Group (v6)
8162,2917,Religious Text (v1.0)
2918,2918,Religious Group (v5)
4959,2918,Religious Group (v6)
8148,2918,Religious Text (v1.0)
2919,2919,Religious Group (v5)
4828,2919,Religious Group (v6)
5444,2919,Religious Place (v1)
5868,2919,Religious Place (v1.1)
6545,2919,Religious Place (v1.2)
7152,2919,Religious Text (v0.1)
7992,2919,Religious Text (v1.0)
2920,2920,Religious Group (v5)
4888,2920,Religious Group (v6)
2921,2921,Religious Group (v5)
4976,2921,Religious Group (v6)
8168,2921,Religious Text (v1.0)
2922,2922,Religious Group (v5)
4805,2922,Religious Group (v6)
6521,2922,Religious Place (v1.2)
7956,2922,Religious Text (v1.0)
2923,2923,Religious Group (v5)
4973,2923,Religious Group (v6)
8165,2923,Religious Text (v1.0)
2924,2924,Religious Group (v5)
4889,2924,Religious Group (v6)
5465,2924,Religious Place (v1)
5889,2924,Religious Place (v1.1)
6566,2924,Religious Place (v1.2)
7220,2924,Religious Text (v0.1)
8060,2924,Religious Text (v1.0)
2925,2925,Religious Group (v5)
4819,2925,Religious Group (v6)
5436,2925,Religious Place (v1)
5860,2925,Religious Place (v1.1)
6537,2925,Religious Place (v1.2)
2927,2927,Religious Group (v5)
4813,2927,Religious Group (v6)
6530,2927,Religious Place (v1.2)
7966,2927,Religious Text (v1.0)
2928,2928,Religious Group (v5)
4955,2928,Religious Group (v6)
8136,2928,Religious Text (v1.0)
2929,2929,Religious Group (v5)
4814,2929,Religious Group (v6)
5431,2929,Religious Place (v1)
5855,2929,Religious Place (v1.1)
6532,2929,Religious Place (v1.2)
7129,2929,Religious Text (v0.1)
7969,2929,Religious Text (v1.0)
2930,2930,Religious Group (v5)
4978,2930,Religious Group (v6)
5935,2930,Religious Place (v1.1)
6612,2930,Religious Place (v1.2)
8170,2930,Religious Text (v1.0)
2931,2931,Religious Group (v5)
4914,2931,Religious Group (v6)
7253,2931,Religious Text (v0.1)
8093,2931,Religious Text (v1.0)
2933,2933,Religious Group (v5)
4803,2933,Religious Group (v6)
6519,2933,Religious Place (v1.2)
7954,2933,Religious Text (v1.0)
2935,2935,Religious Group (v5)
4951,2935,Religious Group (v6)
7260,2935,Religious Text (v0.1)
8100,2935,Religious Text (v1.0)
2936,2936,Religious Group (v5)
4952,2936,Religious Group (v6)
7261,2936,Religious Text (v0.1)
8101,2936,Religious Text (v1.0)
2938,2938,Religious Group (v5)
4883,2938,Religious Group (v6)
7216,2938,Religious Text (v0.1)
8056,2938,Religious Text (v1.0)
2939,2939,Religious Group (v5)
4981,2939,Religious Group (v6)
5937,2939,Religious Place (v1.1)
6614,2939,Religious Place (v1.2)
8173,2939,Religious Text (v1.0)
2940,2940,Religious Group (v5)
4785,2940,Religious Group (v6)
2941,2941,Religious Group (v5)
4829,2941,Religious Group (v6)
5445,2941,Religious Place (v1)
5869,2941,Religious Place (v1.1)
6546,2941,Religious Place (v1.2)
7993,2941,Religious Text (v1.0)
2942,2942,Religious Group (v5)
4975,2942,Religious Group (v6)
8167,2942,Religious Text (v1.0)
2943,2943,Religious Group (v5)
4919,2943,Religious Group (v6)
5484,2943,Religious Place (v1)
5908,2943,Religious Place (v1.1)
6585,2943,Religious Place (v1.2)
7263,2943,Religious Text (v0.1)
8103,2943,Religious Text (v1.0)
2944,2944,Religious Group (v5)
4831,2944,Religious Group (v6)
5447,2944,Religious Place (v1)
5871,2944,Religious Place (v1.1)
6548,2944,Religious Place (v1.2)
7995,2944,Religious Text (v1.0)
2945,2945,Religious Group (v5)
4897,2945,Religious Group (v6)
5473,2945,Religious Place (v1)
5897,2945,Religious Place (v1.1)
6574,2945,Religious Place (v1.2)
7228,2945,Religious Text (v0.1)
8068,2945,Religious Text (v1.0)
2946,2946,Religious Group (v5)
4796,2946,Religious Group (v6)
6516,2946,Religious Place (v1.2)
7951,2946,Religious Text (v1.0)
2947,2947,Religious Group (v5)
4893,2947,Religious Group (v6)
5893,2947,Religious Place (v1.1)
6570,2947,Religious Place (v1.2)
7224,2947,Religious Text (v0.1)
8064,2947,Religious Text (v1.0)
2948,2948,Religious Group (v5)
4830,2948,Religious Group (v6)
5446,2948,Religious Place (v1)
5870,2948,Religious Place (v1.1)
6547,2948,Religious Place (v1.2)
7994,2948,Religious Text (v1.0)
2949,2949,Religious Group (v5)
4786,2949,Religious Group (v6)
7934,2949,Religious Text (v1.0)
2950,2950,Religious Group (v5)
4824,2950,Religious Group (v6)
5865,2950,Religious Place (v1.1)
6542,2950,Religious Place (v1.2)
7978,2950,Religious Text (v1.0)
2951,2951,Religious Group (v5)
4809,2951,Religious Group (v6)
6525,2951,Religious Place (v1.2)
7962,2951,Religious Text (v1.0)
2952,2952,Religious Group (v5)
4965,2952,Religious Group (v6)
8154,2952,Religious Text (v1.0)
2953,2953,Religious Group (v5)
4837,2953,Religious Group (v6)
5453,2953,Religious Place (v1)
5877,2953,Religious Place (v1.1)
6554,2953,Religious Place (v1.2)
8001,2953,Religious Text (v1.0)
2954,2954,Religious Group (v5)
4779,2954,Religious Group (v6)
7920,2954,Religious Text (v1.0)
2955,2955,Religious Group (v5)
4816,2955,Religious Group (v6)
7971,2955,Religious Text (v1.0)
2956,2956,Religious Group (v5)
4793,2956,Religious Group (v6)
7945,2956,Religious Text (v1.0)
2957,2957,Religious Group (v5)
4818,2957,Religious Group (v6)
5435,2957,Religious Place (v1)
5859,2957,Religious Place (v1.1)
6536,2957,Religious Place (v1.2)
7973,2957,Religious Text (v1.0)
2958,2958,Religious Group (v5)
4832,2958,Religious Group (v6)
5448,2958,Religious Place (v1)
5872,2958,Religious Place (v1.1)
6549,2958,Religious Place (v1.2)
7996,2958,Religious Text (v1.0)
2959,2959,Religious Group (v5)
4801,2959,Religious Group (v6)
2960,2960,Religious Group (v5)
4911,2960,Religious Group (v6)
7242,2960,Religious Text (v0.1)
8082,2960,Religious Text (v1.0)
2961,2961,Religious Group (v5)
4822,2961,Religious Group (v6)
5863,2961,Religious Place (v1.1)
6540,2961,Religious Place (v1.2)
6784,2961,Religious Text (v0.1)
7624,2961,Religious Text (v1.0)
7976,2961,Religious Text (v1.0)
2962,2962,Religious Group (v5)
4971,2962,Religious Group (v6)
8163,2962,Religious Text (v1.0)
2963,2963,Religious Group (v5)
4894,2963,Religious Group (v6)
5894,2963,Religious Place (v1.1)
6571,2963,Religious Place (v1.2)
7225,2963,Religious Text (v0.1)
8065,2963,Religious Text (v1.0)
2964,2964,Religious Group (v5)
4808,2964,Religious Group (v6)
5423,2964,Religious Place (v1)
5847,2964,Religious Place (v1.1)
6524,2964,Religious Place (v1.2)
7121,2964,Religious Text (v0.1)
7961,2964,Religious Text (v1.0)
2965,2965,Religious Group (v5)
4887,2965,Religious Group (v6)
2966,2966,Religious Group (v5)
4812,2966,Religious Group (v6)
6529,2966,Religious Place (v1.2)
7965,2966,Religious Text (v1.0)
2967,2967,Religious Group (v5)
4823,2967,Religious Group (v6)
5864,2967,Religious Place (v1.1)
6541,2967,Religious Place (v1.2)
7977,2967,Religious Text (v1.0)
2968,2968,Religious Group (v5)
4866,2968,Religious Group (v6)
5462,2968,Religious Place (v1)
5886,2968,Religious Place (v1.1)
6563,2968,Religious Place (v1.2)
7199,2968,Religious Text (v0.1)
8039,2968,Religious Text (v1.0)
2970,2970,Religious Group (v5)
4956,2970,Religious Group (v6)
8145,2970,Religious Text (v1.0)
2971,2971,Religious Group (v5)
4898,2971,Religious Group (v6)
5474,2971,Religious Place (v1)
5898,2971,Religious Place (v1.1)
6575,2971,Religious Place (v1.2)
7229,2971,Religious Text (v0.1)
8069,2971,Religious Text (v1.0)
2972,2972,Religious Group (v5)
4963,2972,Religious Group (v6)
8152,2972,Religious Text (v1.0)
2973,2973,Religious Group (v5)
4957,2973,Religious Group (v6)
8146,2973,Religious Text (v1.0)
2974,2974,Religious Group (v5)
4974,2974,Religious Group (v6)
8166,2974,Religious Text (v1.0)
2975,2975,Religious Group (v5)
4782,2975,Religious Group (v6)
7931,2975,Religious Text (v1.0)
2977,2977,Religious Group (v5)
4811,2977,Religious Group (v6)
6528,2977,Religious Place (v1.2)
7964,2977,Religious Text (v1.0)
2978,2978,Religious Group (v5)
4964,2978,Religious Group (v6)
5932,2978,Religious Place (v1.1)
6609,2978,Religious Place (v1.2)
8153,2978,Religious Text (v1.0)
2979,2979,Religious Group (v5)
4958,2979,Religious Group (v6)
8147,2979,Religious Text (v1.0)
2980,2980,Religious Group (v5)
4917,2980,Religious Group (v6)
7256,2980,Religious Text (v0.1)
8096,2980,Religious Text (v1.0)
2981,2981,Religious Group (v5)
4795,2981,Religious Group (v6)
6515,2981,Religious Place (v1.2)
7950,2981,Religious Text (v1.0)
2982,2982,Religious Group (v5)
4979,2982,Religious Group (v6)
8171,2982,Religious Text (v1.0)
2983,2983,Religious Group (v5)
4916,2983,Religious Group (v6)
7255,2983,Religious Text (v0.1)
8095,2983,Religious Text (v1.0)
2984,2984,Religious Group (v5)
4836,2984,Religious Group (v6)
5452,2984,Religious Place (v1)
5876,2984,Religious Place (v1.1)
6553,2984,Religious Place (v1.2)
8000,2984,Religious Text (v1.0)
2985,2985,Religious Group (v5)
4980,2985,Religious Group (v6)
8172,2985,Religious Text (v1.0)
2986,2986,Religious Group (v5)
5071,2986,Religious Group (v6)
8265,2986,Religious Text (v1.0)
2987,2987,Religious Group (v5)
5072,2987,Religious Group (v6)
8266,2987,Religious Text (v1.0)
2988,2988,Religious Group (v5)
5055,2988,Religious Group (v6)
8248,2988,Religious Text (v1.0)
2989,2989,Religious Group (v5)
5073,2989,Religious Group (v6)
8267,2989,Religious Text (v1.0)
2990,2990,Religious Group (v5)
5069,2990,Religious Group (v6)
8262,2990,Religious Text (v1.0)
2991,2991,Religious Group (v5)
5053,2991,Religious Group (v6)
8246,2991,Religious Text (v1.0)
2992,2992,Religious Group (v5)
5062,2992,Religious Group (v6)
8255,2992,Religious Text (v1.0)
2993,2993,Religious Group (v5)
5050,2993,Religious Group (v6)
8243,2993,Religious Text (v1.0)
2994,2994,Religious Group (v5)
5054,2994,Religious Group (v6)
8247,2994,Religious Text (v1.0)
2995,2995,Religious Group (v5)
5064,2995,Religious Group (v6)
8257,2995,Religious Text (v1.0)
2996,2996,Religious Group (v5)
5047,2996,Religious Group (v6)
8240,2996,Religious Text (v1.0)
2997,2997,Religious Group (v5)
5068,2997,Religious Group (v6)
8261,2997,Religious Text (v1.0)
2998,2998,Religious Group (v5)
5061,2998,Religious Group (v6)
8254,2998,Religious Text (v1.0)
2999,2999,Religious Group (v5)
5051,2999,Religious Group (v6)
8244,2999,Religious Text (v1.0)
3000,3000,Religious Group (v5)
5060,3000,Religious Group (v6)
8253,3000,Religious Text (v1.0)
3001,3001,Religious Group (v5)
5065,3001,Religious Group (v6)
8258,3001,Religious Text (v1.0)
3002,3002,Religious Group (v5)
5074,3002,Religious Group (v6)
8268,3002,Religious Text (v1.0)
3003,3003,Religious Group (v5)
5070,3003,Religious Group (v6)
8263,3003,Religious Text (v1.0)
3004,3004,Religious Group (v5)
5067,3004,Religious Group (v6)
8260,3004,Religious Text (v1.0)
3005,3005,Religious Group (v5)
5048,3005,Religious Group (v6)
8241,3005,Religious Text (v1.0)
3006,3006,Religious Group (v5)
5059,3006,Religious Group (v6)
7412,3006,Religious Text (v0.1)
8252,3006,Religious Text (v1.0)
3007,3007,Religious Group (v5)
5057,3007,Religious Group (v6)
8250,3007,Religious Text (v1.0)
3008,3008,Religious Group (v5)
5052,3008,Religious Group (v6)
8245,3008,Religious Text (v1.0)
3009,3009,Religious Group (v5)
5049,3009,Religious Group (v6)
8242,3009,Religious Text (v1.0)
3010,3010,Religious Group (v5)
5066,3010,Religious Group (v6)
8259,3010,Religious Text (v1.0)
3011,3011,Religious Group (v5)
5075,3011,Religious Group (v6)
8269,3011,Religious Text (v1.0)
3012,3012,Religious Group (v5)
5063,3012,Religious Group (v6)
8256,3012,Religious Text (v1.0)
3013,3013,Religious Group (v5)
5076,3013,Religious Group (v6)
8270,3013,Religious Text (v1.0)
3014,3014,Religious Group (v5)
5056,3014,Religious Group (v6)
8249,3014,Religious Text (v1.0)
3015,3015,Religious Group (v5)
5058,3015,Religious Group (v6)
8251,3015,Religious Text (v1.0)
3016,3016,Religious Group (v5)
5046,3016,Religious Group (v6)
7399,3016,Religious Text (v0.1)
8239,3016,Religious Text (v1.0)
3017,3017,Religious Group (v5)
5085,3017,Religious Group (v6)
8279,3017,Religious Text (v1.0)
3018,3018,Religious Group (v5)
5079,3018,Religious Group (v6)
8273,3018,Religious Text (v1.0)
3019,3019,Religious Group (v5)
5081,3019,Religious Group (v6)
8275,3019,Religious Text (v1.0)
3020,3020,Religious Group (v5)
5083,3020,Religious Group (v6)
8277,3020,Religious Text (v1.0)
3021,3021,Religious Group (v5)
5080,3021,Religious Group (v6)
8274,3021,Religious Text (v1.0)
3022,3022,Religious Group (v5)
5078,3022,Religious Group (v6)
7432,3022,Religious Text (v0.1)
8272,3022,Religious Text (v1.0)
3023,3023,Religious Group (v5)
5087,3023,Religious Group (v6)
8281,3023,Religious Text (v1.0)
3024,3024,Religious Group (v5)
5082,3024,Religious Group (v6)
8276,3024,Religious Text (v1.0)
3025,3025,Religious Group (v5)
5086,3025,Religious Group (v6)
8280,3025,Religious Text (v1.0)
3026,3026,Religious Group (v5)
5088,3026,Religious Group (v6)
7442,3026,Religious Text (v0.1)
8282,3026,Religious Text (v1.0)
3027,3027,Religious Group (v5)
5084,3027,Religious Group (v6)
8278,3027,Religious Text (v1.0)
3028,3028,Religious Group (v5)
5077,3028,Religious Group (v6)
7431,3028,Religious Text (v0.1)
8271,3028,Religious Text (v1.0)
3029,3029,Religious Group (v5)
5162,3029,Religious Group (v6)
7504,3029,Religious Text (v0.1)
8344,3029,Religious Text (v1.0)
3036,3036,Religious Group (v5)
5164,3036,Religious Group (v6)
7506,3036,Religious Text (v0.1)
8346,3036,Religious Text (v1.0)
3043,3043,Religious Group (v5)
5165,3043,Religious Group (v6)
7507,3043,Religious Text (v0.1)
8347,3043,Religious Text (v1.0)
3045,3045,Religious Group (v5)
5173,3045,Religious Group (v6)
8355,3045,Religious Text (v1.0)
3055,3055,Religious Group (v5)
5172,3055,Religious Group (v6)
8354,3055,Religious Text (v1.0)
3059,3059,Religious Group (v5)
5169,3059,Religious Group (v6)
7511,3059,Religious Text (v0.1)
8351,3059,Religious Text (v1.0)
3063,3063,Religious Group (v5)
5161,3063,Religious Group (v6)
7503,3063,Religious Text (v0.1)
8343,3063,Religious Text (v1.0)
3068,3068,Religious Group (v5)
5168,3068,Religious Group (v6)
7510,3068,Religious Text (v0.1)
8350,3068,Religious Text (v1.0)
3071,3071,Religious Group (v5)
5167,3071,Religious Group (v6)
7509,3071,Religious Text (v0.1)
8349,3071,Religious Text (v1.0)
3072,3072,Religious Group (v5)
5171,3072,Religious Group (v6)
8353,3072,Religious Text (v1.0)
3074,3074,Religious Group (v5)
5170,3074,Religious Group (v6)
7512,3074,Religious Text (v0.1)
8352,3074,Religious Text (v1.0)
3076,3076,Religious Group (v5)
5163,3076,Religious Group (v6)
7505,3076,Religious Text (v0.1)
8345,3076,Religious Text (v1.0)
3082,3082,Religious Group (v5)
5166,3082,Religious Group (v6)
7508,3082,Religious Text (v0.1)
8348,3082,Religious Text (v1.0)
3084,3084,Religious Group (v5)
4661,3084,Religious Group (v6)
3085,3085,Religious Group (v5)
5149,3085,Religious Group (v6)
7491,3085,Religious Text (v0.1)
8331,3085,Religious Text (v1.0)
3086,3086,Religious Group (v5)
5160,3086,Religious Group (v6)
5527,3086,Religious Place (v1)
6042,3086,Religious Place (v1.1)
6719,3086,Religious Place (v1.2)
6942,3086,Religious Text (v0.1)
7782,3086,Religious Text (v1.0)
8342,3086,Religious Text (v1.0)
3087,3087,Religious Group (v5)
5134,3087,Religious Group (v6)
3088,3088,Religious Group (v5)
5129,3088,Religious Group (v6)
7483,3088,Religious Text (v0.1)
8323,3088,Religious Text (v1.0)
3089,3089,Religious Group (v5)
5132,3089,Religious Group (v6)
7486,3089,Religious Text (v0.1)
8326,3089,Religious Text (v1.0)
3090,3090,Religious Group (v5)
5155,3090,Religious Group (v6)
5522,3090,Religious Place (v1)
6037,3090,Religious Place (v1.1)
6714,3090,Religious Place (v1.2)
6935,3090,Religious Text (v0.1)
7775,3090,Religious Text (v1.0)
8337,3090,Religious Text (v1.0)
3091,3091,Religious Group (v5)
5158,3091,Religious Group (v6)
5525,3091,Religious Place (v1)
6040,3091,Religious Place (v1.1)
6717,3091,Religious Place (v1.2)
6940,3091,Religious Text (v0.1)
7780,3091,Religious Text (v1.0)
8340,3091,Religious Text (v1.0)
3092,3092,Religious Group (v5)
5146,3092,Religious Group (v6)
3093,3093,Religious Group (v5)
5152,3093,Religious Group (v6)
5521,3093,Religious Place (v1)
6036,3093,Religious Place (v1.1)
6713,3093,Religious Place (v1.2)
6936,3093,Religious Text (v0.1)
7494,3093,Religious Text (v0.1)
7776,3093,Religious Text (v1.0)
8334,3093,Religious Text (v1.0)
3094,3094,Religious Group (v5)
5140,3094,Religious Group (v6)
3095,3095,Religious Group (v5)
5151,3095,Religious Group (v6)
7493,3095,Religious Text (v0.1)
8333,3095,Religious Text (v1.0)
3096,3096,Religious Group (v5)
5135,3096,Religious Group (v6)
3098,3098,Religious Group (v5)
5127,3098,Religious Group (v6)
7481,3098,Religious Text (v0.1)
8321,3098,Religious Text (v1.0)
3099,3099,Religious Group (v5)
5147,3099,Religious Group (v6)
3100,3100,Religious Group (v5)
5148,3100,Religious Group (v6)
7490,3100,Religious Text (v0.1)
8330,3100,Religious Text (v1.0)
3101,3101,Religious Group (v5)
5153,3101,Religious Group (v6)
8335,3101,Religious Text (v1.0)
3102,3102,Religious Group (v5)
5123,3102,Religious Group (v6)
8317,3102,Religious Text (v1.0)
3103,3103,Religious Group (v5)
5133,3103,Religious Group (v6)
3104,3104,Religious Group (v5)
5156,3104,Religious Group (v6)
8338,3104,Religious Text (v1.0)
3105,3105,Religious Group (v5)
5144,3105,Religious Group (v6)
3106,3106,Religious Group (v5)
5139,3106,Religious Group (v6)
3107,3107,Religious Group (v5)
5131,3107,Religious Group (v6)
7485,3107,Religious Text (v0.1)
8325,3107,Religious Text (v1.0)
3108,3108,Religious Group (v5)
5154,3108,Religious Group (v6)
5520,3108,Religious Place (v1)
6035,3108,Religious Place (v1.1)
6712,3108,Religious Place (v1.2)
6934,3108,Religious Text (v0.1)
7496,3108,Religious Text (v0.1)
7774,3108,Religious Text (v1.0)
8336,3108,Religious Text (v1.0)
3109,3109,Religious Group (v5)
5142,3109,Religious Group (v6)
7488,3109,Religious Text (v0.1)
8328,3109,Religious Text (v1.0)
3110,3110,Religious Group (v5)
5138,3110,Religious Group (v6)
3111,3111,Religious Group (v5)
5159,3111,Religious Group (v6)
5526,3111,Religious Place (v1)
6041,3111,Religious Place (v1.1)
6718,3111,Religious Place (v1.2)
6941,3111,Religious Text (v0.1)
7781,3111,Religious Text (v1.0)
8341,3111,Religious Text (v1.0)
3112,3112,Religious Group (v5)
5125,3112,Religious Group (v6)
8319,3112,Religious Text (v1.0)
3113,3113,Religious Group (v5)
5122,3113,Religious Group (v6)
7476,3113,Religious Text (v0.1)
8316,3113,Religious Text (v1.0)
3114,3114,Religious Group (v5)
5126,3114,Religious Group (v6)
8320,3114,Religious Text (v1.0)
3115,3115,Religious Group (v5)
5137,3115,Religious Group (v6)
7487,3115,Religious Text (v0.1)
8327,3115,Religious Text (v1.0)
3116,3116,Religious Group (v5)
5150,3116,Religious Group (v6)
7492,3116,Religious Text (v0.1)
8332,3116,Religious Text (v1.0)
3117,3117,Religious Group (v5)
5128,3117,Religious Group (v6)
7482,3117,Religious Text (v0.1)
8322,3117,Religious Text (v1.0)
3118,3118,Religious Group (v5)
5136,3118,Religious Group (v6)
3119,3119,Religious Group (v5)
5124,3119,Religious Group (v6)
8318,3119,Religious Text (v1.0)
3120,3120,Religious Group (v5)
5121,3120,Religious Group (v6)
7475,3120,Religious Text (v0.1)
8315,3120,Religious Text (v1.0)
3121,3121,Religious Group (v5)
5143,3121,Religious Group (v6)
7489,3121,Religious Text (v0.1)
8329,3121,Religious Text (v1.0)
3122,3122,Religious Group (v5)
5130,3122,Religious Group (v6)
7484,3122,Religious Text (v0.1)
8324,3122,Religious Text (v1.0)
3123,3123,Religious Group (v5)
5157,3123,Religious Group (v6)
5524,3123,Religious Place (v1)
6039,3123,Religious Place (v1.1)
6716,3123,Religious Place (v1.2)
6939,3123,Religious Text (v0.1)
7779,3123,Religious Text (v1.0)
8339,3123,Religious Text (v1.0)
3124,3124,Religious Group (v5)
5145,3124,Religious Group (v6)
3125,3125,Religious Group (v5)
5207,3125,Religious Group (v6)
3126,3126,Religious Group (v5)
5221,3126,Religious Group (v6)
6874,3126,Religious Text (v0.1)
7714,3126,Religious Text (v1.0)
3127,3127,Religious Group (v5)
5193,3127,Religious Group (v6)
3128,3128,Religious Group (v5)
5184,3128,Religious Group (v6)
3129,3129,Religious Group (v5)
5206,3129,Religious Group (v6)
3130,3130,Religious Group (v5)
5197,3130,Religious Group (v6)
3131,3131,Religious Group (v5)
5205,3131,Religious Group (v6)
7859,3131,Religious Text (v1.0)
3132,3132,Religious Group (v5)
5212,3132,Religious Group (v6)
7010,3132,Religious Text (v0.1)
7850,3132,Religious Text (v1.0)
3133,3133,Religious Group (v5)
5219,3133,Religious Group (v6)
7591,3133,Religious Text (v0.1)
8431,3133,Religious Text (v1.0)
3134,3134,Religious Group (v5)
5192,3134,Religious Group (v6)
6067,3134,Religious Place (v1.1)
6744,3134,Religious Place (v1.2)
7578,3134,Religious Text (v0.1)
8418,3134,Religious Text (v1.0)
3135,3135,Religious Group (v5)
5213,3135,Religious Group (v6)
3136,3136,Religious Group (v5)
5227,3136,Religious Group (v6)
8434,3136,Religious Text (v1.0)
8436,3136,Religious Text (v1.0)
3137,3137,Religious Group (v5)
5183,3137,Religious Group (v6)
7559,3137,Religious Text (v0.1)
8399,3137,Religious Text (v1.0)
3138,3138,Religious Group (v5)
5187,3138,Religious Group (v6)
8408,3138,Religious Text (v1.0)
3139,3139,Religious Group (v5)
5225,3139,Religious Group (v6)
3140,3140,Religious Group (v5)
5195,3140,Religious Group (v6)
8422,3140,Religious Text (v1.0)
3141,3141,Religious Group (v5)
5210,3141,Religious Group (v6)
3142,3142,Religious Group (v5)
5217,3142,Religious Group (v6)
8428,3142,Religious Text (v1.0)
3143,3143,Religious Group (v5)
5203,3143,Religious Group (v6)
7857,3143,Religious Text (v1.0)
3144,3144,Religious Group (v5)
5198,3144,Religious Group (v6)
7853,3144,Religious Text (v1.0)
3145,3145,Religious Group (v5)
5226,3145,Religious Group (v6)
7593,3145,Religious Text (v0.1)
8433,3145,Religious Text (v1.0)
3146,3146,Religious Group (v5)
5208,3146,Religious Group (v6)
3147,3147,Religious Group (v5)
5218,3147,Religious Group (v6)
7590,3147,Religious Text (v0.1)
8430,3147,Religious Text (v1.0)
3148,3148,Religious Group (v5)
5181,3148,Religious Group (v6)
7554,3148,Religious Text (v0.1)
8394,3148,Religious Text (v1.0)
3149,3149,Religious Group (v5)
5214,3149,Religious Group (v6)
7585,3149,Religious Text (v0.1)
8425,3149,Religious Text (v1.0)
3150,3150,Religious Group (v5)
5229,3150,Religious Group (v6)
3151,3151,Religious Group (v5)
5228,3151,Religious Group (v6)
7595,3151,Religious Text (v0.1)
8435,3151,Religious Text (v1.0)
3152,3152,Religious Group (v5)
5209,3152,Religious Group (v6)
3153,3153,Religious Group (v5)
5196,3153,Religious Group (v6)
7852,3153,Religious Text (v1.0)
3154,3154,Religious Group (v5)
5199,3154,Religious Group (v6)
3155,3155,Religious Group (v5)
5215,3155,Religious Group (v6)
8426,3155,Religious Text (v1.0)
3156,3156,Religious Group (v5)
5189,3156,Religious Group (v6)
3157,3157,Religious Group (v5)
5224,3157,Religious Group (v6)
7033,3157,Religious Text (v0.1)
7873,3157,Religious Text (v1.0)
3158,3158,Religious Group (v5)
5175,3158,Religious Group (v6)
7550,3158,Religious Text (v0.1)
8390,3158,Religious Text (v1.0)
3159,3159,Religious Group (v5)
5216,3159,Religious Group (v6)
8427,3159,Religious Text (v1.0)
3160,3160,Religious Group (v5)
5202,3160,Religious Group (v6)
7856,3160,Religious Text (v1.0)
3161,3161,Religious Group (v5)
5182,3161,Religious Group (v6)
7557,3161,Religious Text (v0.1)
8397,3161,Religious Text (v1.0)
3162,3162,Religious Group (v5)
5178,3162,Religious Group (v6)
3163,3163,Religious Group (v5)
5180,3163,Religious Group (v6)
3164,3164,Religious Group (v5)
5176,3164,Religious Group (v6)
3165,3165,Religious Group (v5)
5200,3165,Religious Group (v6)
7854,3165,Religious Text (v1.0)
3166,3166,Religious Group (v5)
5220,3166,Religious Group (v6)
6868,3166,Religious Text (v0.1)
7708,3166,Religious Text (v1.0)
3167,3167,Religious Group (v5)
5191,3167,Religious Group (v6)
3168,3168,Religious Group (v5)
5177,3168,Religious Group (v6)
7551,3168,Religious Text (v0.1)
8391,3168,Religious Text (v1.0)
3169,3169,Religious Group (v5)
5188,3169,Religious Group (v6)
6063,3169,Religious Place (v1.1)
6740,3169,Religious Place (v1.2)
7573,3169,Religious Text (v0.1)
7574,3169,Religious Text (v0.1)
8413,3169,Religious Text (v1.0)
8414,3169,Religious Text (v1.0)
3170,3170,Religious Group (v5)
5204,3170,Religious Group (v6)
7858,3170,Religious Text (v1.0)
3171,3171,Religious Group (v5)
5211,3171,Religious Group (v6)
3172,3172,Religious Group (v5)
5185,3172,Religious Group (v6)
3173,3173,Religious Group (v5)
5223,3173,Religious Group (v6)
6877,3173,Religious Text (v0.1)
7717,3173,Religious Text (v1.0)
3174,3174,Religious Group (v5)
5190,3174,Religious Group (v6)
6066,3174,Religious Place (v1.1)
6743,3174,Religious Place (v1.2)
7577,3174,Religious Text (v0.1)
8417,3174,Religious Text (v1.0)
3175,3175,Religious Group (v5)
5222,3175,Religious Group (v6)
6876,3175,Religious Text (v0.1)
7716,3175,Religious Text (v1.0)
3176,3176,Religious Group (v5)
5201,3176,Religious Group (v6)
7855,3176,Religious Text (v1.0)
3177,3177,Religious Group (v5)
5186,3177,Religious Group (v6)
8407,3177,Religious Text (v1.0)
3178,3178,Religious Group (v5)
5194,3178,Religious Group (v6)
8421,3178,Religious Text (v1.0)
3179,3179,Religious Group (v5)
5179,3179,Religious Group (v6)
7552,3179,Religious Text (v0.1)
8392,3179,Religious Text (v1.0)
3180,3180,Religious Group (v5)
4870,3180,Religious Group (v6)
7203,3180,Religious Text (v0.1)
8043,3180,Religious Text (v1.0)
3181,3181,Religious Group (v5)
4869,3181,Religious Group (v6)
7202,3181,Religious Text (v0.1)
8042,3181,Religious Text (v1.0)
3182,3182,Religious Group (v5)
4895,3182,Religious Group (v6)
5895,3182,Religious Place (v1.1)
6572,3182,Religious Place (v1.2)
7226,3182,Religious Text (v0.1)
8066,3182,Religious Text (v1.0)
3183,3183,Religious Group (v5)
4879,3183,Religious Group (v6)
7212,3183,Religious Text (v0.1)
8052,3183,Religious Text (v1.0)
3184,3184,Religious Group (v5)
4872,3184,Religious Group (v6)
7205,3184,Religious Text (v0.1)
8045,3184,Religious Text (v1.0)
3185,3185,Religious Group (v5)
4876,3185,Religious Group (v6)
7209,3185,Religious Text (v0.1)
8049,3185,Religious Text (v1.0)
3186,3186,Religious Group (v5)
4873,3186,Religious Group (v6)
7206,3186,Religious Text (v0.1)
7207,3186,Religious Text (v0.1)
8046,3186,Religious Text (v1.0)
8047,3186,Religious Text (v1.0)
3187,3187,Religious Group (v5)
4871,3187,Religious Group (v6)
7204,3187,Religious Text (v0.1)
8044,3187,Religious Text (v1.0)
3188,3188,Religious Group (v5)
4874,3188,Religious Group (v6)
3189,3189,Religious Group (v5)
4875,3189,Religious Group (v6)
7208,3189,Religious Text (v0.1)
8048,3189,Religious Text (v1.0)
3190,3190,Religious Group (v5)
4878,3190,Religious Group (v6)
7211,3190,Religious Text (v0.1)
8051,3190,Religious Text (v1.0)
3191,3191,Religious Group (v5)
4877,3191,Religious Group (v6)
7210,3191,Religious Text (v0.1)
8050,3191,Religious Text (v1.0)
3192,3192,Religious Group (v5)
4853,3192,Religious Group (v6)
8017,3192,Religious Text (v1.0)
3193,3193,Religious Group (v5)
4842,3193,Religious Group (v6)
8006,3193,Religious Text (v1.0)
3200,3200,Religious Group (v5)
4929,3200,Religious Group (v6)
3204,3204,Religious Group (v5)
4843,3204,Religious Group (v6)
8007,3204,Religious Text (v1.0)
3209,3209,Religious Group (v5)
4920,3209,Religious Group (v6)
5485,3209,Religious Place (v1)
5909,3209,Religious Place (v1.1)
6586,3209,Religious Place (v1.2)
8104,3209,Religious Text (v1.0)
3212,3212,Religious Group (v5)
4931,3212,Religious Group (v6)
3215,3215,Religious Group (v5)
4846,3215,Religious Group (v6)
8010,3215,Religious Text (v1.0)
3218,3218,Religious Group (v5)
4856,3218,Religious Group (v6)
8023,3218,Religious Text (v1.0)
3222,3222,Religious Group (v5)
4926,3222,Religious Group (v6)
3224,3224,Religious Group (v5)
4845,3224,Religious Group (v6)
8009,3224,Religious Text (v1.0)
3225,3225,Religious Group (v5)
4847,3225,Religious Group (v6)
8011,3225,Religious Text (v1.0)
3227,3227,Religious Group (v5)
4932,3227,Religious Group (v6)
3228,3228,Religious Group (v5)
4840,3228,Religious Group (v6)
8004,3228,Religious Text (v1.0)
3229,3229,Religious Group (v5)
4854,3229,Religious Group (v6)
8018,3229,Religious Text (v1.0)
3230,3230,Religious Group (v5)
4851,3230,Religious Group (v6)
8015,3230,Religious Text (v1.0)
3231,3231,Religious Group (v5)
4925,3231,Religious Group (v6)
3233,3233,Religious Group (v5)
4838,3233,Religious Group (v6)
3234,3234,Religious Group (v5)
4922,3234,Religious Group (v6)
3237,3237,Religious Group (v5)
4850,3237,Religious Group (v6)
8014,3237,Religious Text (v1.0)
3240,3240,Religious Group (v5)
4848,3240,Religious Group (v6)
8002,3240,Religious Text (v1.0)
8012,3240,Religious Text (v1.0)
3243,3243,Religious Group (v5)
4924,3243,Religious Group (v6)
3244,3244,Religious Group (v5)
4923,3244,Religious Group (v6)
3246,3246,Religious Group (v5)
4930,3246,Religious Group (v6)
3247,3247,Religious Group (v5)
4849,3247,Religious Group (v6)
8013,3247,Religious Text (v1.0)
3248,3248,Religious Group (v5)
4844,3248,Religious Group (v6)
8008,3248,Religious Text (v1.0)
3251,3251,Religious Group (v5)
4940,3251,Religious Group (v6)
3254,3254,Religious Group (v5)
4927,3254,Religious Group (v6)
3255,3255,Religious Group (v5)
4928,3255,Religious Group (v6)
3256,3256,Religious Group (v5)
4841,3256,Religious Group (v6)
8005,3256,Religious Text (v1.0)
3258,3258,Religious Group (v5)
4936,3258,Religious Group (v6)
3263,3263,Religious Group (v5)
4839,3263,Religious Group (v6)
8003,3263,Religious Text (v1.0)
3269,3269,Religious Group (v5)
4935,3269,Religious Group (v6)
3270,3270,Religious Group (v5)
4941,3270,Religious Group (v6)
5487,3270,Religious Place (v1)
5911,3270,Religious Place (v1.1)
6588,3270,Religious Place (v1.2)
8106,3270,Religious Text (v1.0)
3271,3271,Religious Group (v5)
4942,3271,Religious Group (v6)
5912,3271,Religious Place (v1.1)
6589,3271,Religious Place (v1.2)
8107,3271,Religious Text (v1.0)
3273,3273,Religious Group (v5)
4939,3273,Religious Group (v6)
3274,3274,Religious Group (v5)
4921,3274,Religious Group (v6)
5486,3274,Religious Place (v1)
5910,3274,Religious Place (v1.1)
6587,3274,Religious Place (v1.2)
8105,3274,Religious Text (v1.0)
3276,3276,Religious Group (v5)
4937,3276,Religious Group (v6)
3277,3277,Religious Group (v5)
4865,3277,Religious Group (v6)
5885,3277,Religious Place (v1.1)
6562,3277,Religious Place (v1.2)
8032,3277,Religious Text (v1.0)
3278,3278,Religious Group (v5)
4861,3278,Religious Group (v6)
5881,3278,Religious Place (v1.1)
6558,3278,Religious Place (v1.2)
8028,3278,Religious Text (v1.0)
3280,3280,Religious Group (v5)
4864,3280,Religious Group (v6)
5884,3280,Religious Place (v1.1)
6561,3280,Religious Place (v1.2)
8031,3280,Religious Text (v1.0)
3281,3281,Religious Group (v5)
4909,3281,Religious Group (v6)
7240,3281,Religious Text (v0.1)
8080,3281,Religious Text (v1.0)
3282,3282,Religious Group (v5)
4945,3282,Religious Group (v6)
5915,3282,Religious Place (v1.1)
6592,3282,Religious Place (v1.2)
8110,3282,Religious Text (v1.0)
3283,3283,Religious Group (v5)
4855,3283,Religious Group (v6)
8019,3283,Religious Text (v1.0)
3285,3285,Religious Group (v5)
4905,3285,Religious Group (v6)
7236,3285,Religious Text (v0.1)
8076,3285,Religious Text (v1.0)
3286,3286,Religious Group (v5)
4947,3286,Religious Group (v6)
5917,3286,Religious Place (v1.1)
6594,3286,Religious Place (v1.2)
8112,3286,Religious Text (v1.0)
3288,3288,Religious Group (v5)
4852,3288,Religious Group (v6)
8016,3288,Religious Text (v1.0)
3289,3289,Religious Group (v5)
4903,3289,Religious Group (v6)
7234,3289,Religious Text (v0.1)
8074,3289,Religious Text (v1.0)
3291,3291,Religious Group (v5)
4934,3291,Religious Group (v6)
3292,3292,Religious Group (v5)
4857,3292,Religious Group (v6)
8024,3292,Religious Text (v1.0)
3294,3294,Religious Group (v5)
4902,3294,Religious Group (v6)
7233,3294,Religious Text (v0.1)
8073,3294,Religious Text (v1.0)
3295,3295,Religious Group (v5)
4944,3295,Religious Group (v6)
5914,3295,Religious Place (v1.1)
6591,3295,Religious Place (v1.2)
8109,3295,Religious Text (v1.0)
3296,3296,Religious Group (v5)
4858,3296,Religious Group (v6)
5454,3296,Religious Place (v1)
5878,3296,Religious Place (v1.1)
6555,3296,Religious Place (v1.2)
8025,3296,Religious Text (v1.0)
3301,3301,Religious Group (v5)
4859,3301,Religious Group (v6)
5879,3301,Religious Place (v1.1)
6556,3301,Religious Place (v1.2)
8026,3301,Religious Text (v1.0)
3307,3307,Religious Group (v5)
4933,3307,Religious Group (v6)
3310,3310,Religious Group (v5)
4862,3310,Religious Group (v6)
5882,3310,Religious Place (v1.1)
6559,3310,Religious Place (v1.2)
8029,3310,Religious Text (v1.0)
3311,3311,Religious Group (v5)
4943,3311,Religious Group (v6)
5913,3311,Religious Place (v1.1)
6590,3311,Religious Place (v1.2)
8108,3311,Religious Text (v1.0)
3313,3313,Religious Group (v5)
4860,3313,Religious Group (v6)
5880,3313,Religious Place (v1.1)
6557,3313,Religious Place (v1.2)
8027,3313,Religious Text (v1.0)
3316,3316,Religious Group (v5)
4904,3316,Religious Group (v6)
7235,3316,Religious Text (v0.1)
8075,3316,Religious Text (v1.0)
3317,3317,Religious Group (v5)
4948,3317,Religious Group (v6)
8113,3317,Religious Text (v1.0)
3325,3325,Religious Group (v5)
4907,3325,Religious Group (v6)
7238,3325,Religious Text (v0.1)
8078,3325,Religious Text (v1.0)
3327,3327,Religious Group (v5)
4900,3327,Religious Group (v6)
7231,3327,Religious Text (v0.1)
8071,3327,Religious Text (v1.0)
3328,3328,Religious Group (v5)
4833,3328,Religious Group (v6)
5449,3328,Religious Place (v1)
5873,3328,Religious Place (v1.1)
6550,3328,Religious Place (v1.2)
7997,3328,Religious Text (v1.0)
3332,3332,Religious Group (v5)
4946,3332,Religious Group (v6)
5916,3332,Religious Place (v1.1)
6593,3332,Religious Place (v1.2)
8111,3332,Religious Text (v1.0)
3334,3334,Religious Group (v5)
4863,3334,Religious Group (v6)
5883,3334,Religious Place (v1.1)
6560,3334,Religious Place (v1.2)
8030,3334,Religious Text (v1.0)
3335,3335,Religious Group (v5)
4906,3335,Religious Group (v6)
7237,3335,Religious Text (v0.1)
8077,3335,Religious Text (v1.0)
3336,3336,Religious Group (v5)
4938,3336,Religious Group (v6)
3337,3337,Religious Group (v5)
4910,3337,Religious Group (v6)
7241,3337,Religious Text (v0.1)
8081,3337,Religious Text (v1.0)
3339,3339,Religious Group (v5)
4908,3339,Religious Group (v6)
7239,3339,Religious Text (v0.1)
8079,3339,Religious Text (v1.0)
3341,3341,Religious Group (v5)
4901,3341,Religious Group (v6)
7232,3341,Religious Text (v0.1)
8072,3341,Religious Text (v1.0)
3342,3342,Religious Group (v5)
5115,3342,Religious Group (v6)
7469,3342,Religious Text (v0.1)
8309,3342,Religious Text (v1.0)
3343,3343,Religious Group (v5)
5094,3343,Religious Group (v6)
7448,3343,Religious Text (v0.1)
8288,3343,Religious Text (v1.0)
3344,3344,Religious Group (v5)
5097,3344,Religious Group (v6)
7451,3344,Religious Text (v0.1)
8291,3344,Religious Text (v1.0)
3345,3345,Religious Group (v5)
5118,3345,Religious Group (v6)
7472,3345,Religious Text (v0.1)
8312,3345,Religious Text (v1.0)
3346,3346,Religious Group (v5)
5093,3346,Religious Group (v6)
7447,3346,Religious Text (v0.1)
8287,3346,Religious Text (v1.0)
3347,3347,Religious Group (v5)
5119,3347,Religious Group (v6)
7473,3347,Religious Text (v0.1)
8313,3347,Religious Text (v1.0)
3348,3348,Religious Group (v5)
5098,3348,Religious Group (v6)
7452,3348,Religious Text (v0.1)
8292,3348,Religious Text (v1.0)
3349,3349,Religious Group (v5)
5107,3349,Religious Group (v6)
7461,3349,Religious Text (v0.1)
8301,3349,Religious Text (v1.0)
3350,3350,Religious Group (v5)
5106,3350,Religious Group (v6)
7460,3350,Religious Text (v0.1)
8300,3350,Religious Text (v1.0)
3351,3351,Religious Group (v5)
5089,3351,Religious Group (v6)
7443,3351,Religious Text (v0.1)
8283,3351,Religious Text (v1.0)
3352,3352,Religious Group (v5)
5116,3352,Religious Group (v6)
7470,3352,Religious Text (v0.1)
8310,3352,Religious Text (v1.0)
3353,3353,Religious Group (v5)
5110,3353,Religious Group (v6)
7464,3353,Religious Text (v0.1)
8304,3353,Religious Text (v1.0)
3354,3354,Religious Group (v5)
5099,3354,Religious Group (v6)
7453,3354,Religious Text (v0.1)
8293,3354,Religious Text (v1.0)
3355,3355,Religious Group (v5)
5102,3355,Religious Group (v6)
7456,3355,Religious Text (v0.1)
8296,3355,Religious Text (v1.0)
3356,3356,Religious Group (v5)
5105,3356,Religious Group (v6)
7459,3356,Religious Text (v0.1)
8299,3356,Religious Text (v1.0)
3357,3357,Religious Group (v5)
5103,3357,Religious Group (v6)
7457,3357,Religious Text (v0.1)
8297,3357,Religious Text (v1.0)
3358,3358,Religious Group (v5)
5095,3358,Religious Group (v6)
7449,3358,Religious Text (v0.1)
8289,3358,Religious Text (v1.0)
3359,3359,Religious Group (v5)
5117,3359,Religious Group (v6)
7471,3359,Religious Text (v0.1)
8311,3359,Religious Text (v1.0)
3360,3360,Religious Group (v5)
5111,3360,Religious Group (v6)
7465,3360,Religious Text (v0.1)
8305,3360,Religious Text (v1.0)
3361,3361,Religious Group (v5)
5092,3361,Religious Group (v6)
7446,3361,Religious Text (v0.1)
8286,3361,Religious Text (v1.0)
3362,3362,Religious Group (v5)
5114,3362,Religious Group (v6)
7468,3362,Religious Text (v0.1)
8308,3362,Religious Text (v1.0)
3363,3363,Religious Group (v5)
5112,3363,Religious Group (v6)
7466,3363,Religious Text (v0.1)
8306,3363,Religious Text (v1.0)
3364,3364,Religious Group (v5)
5108,3364,Religious Group (v6)
7462,3364,Religious Text (v0.1)
8302,3364,Religious Text (v1.0)
3365,3365,Religious Group (v5)
5091,3365,Religious Group (v6)
7445,3365,Religious Text (v0.1)
8285,3365,Religious Text (v1.0)
3366,3366,Religious Group (v5)
5090,3366,Religious Group (v6)
7444,3366,Religious Text (v0.1)
8284,3366,Religious Text (v1.0)
3367,3367,Religious Group (v5)
5104,3367,Religious Group (v6)
7458,3367,Religious Text (v0.1)
8298,3367,Religious Text (v1.0)
3368,3368,Religious Group (v5)
5100,3368,Religious Group (v6)
7454,3368,Religious Text (v0.1)
8294,3368,Religious Text (v1.0)
3369,3369,Religious Group (v5)
5120,3369,Religious Group (v6)
7474,3369,Religious Text (v0.1)
8314,3369,Religious Text (v1.0)
3370,3370,Religious Group (v5)
5109,3370,Religious Group (v6)
7463,3370,Religious Text (v0.1)
8303,3370,Religious Text (v1.0)
3371,3371,Religious Group (v5)
5096,3371,Religious Group (v6)
7450,3371,Religious Text (v0.1)
8290,3371,Religious Text (v1.0)
3372,3372,Religious Group (v5)
5113,3372,Religious Group (v6)
7467,3372,Religious Text (v0.1)
8307,3372,Religious Text (v1.0)
3373,3373,Religious Group (v5)
5101,3373,Religious Group (v6)
7455,3373,Religious Text (v0.1)
8295,3373,Religious Text (v1.0)
3415,3415,Religious Group (v5)
5000,3415,Religious Group (v6)
8193,3415,Religious Text (v1.0)
3416,3416,Religious Group (v5)
5035,3416,Religious Group (v6)
7388,3416,Religious Text (v0.1)
8228,3416,Religious Text (v1.0)
3417,3417,Religious Group (v5)
5006,3417,Religious Group (v6)
8199,3417,Religious Text (v1.0)
3418,3418,Religious Group (v5)
5027,3418,Religious Group (v6)
8220,3418,Religious Text (v1.0)
3419,3419,Religious Group (v5)
5038,3419,Religious Group (v6)
7391,3419,Religious Text (v0.1)
8231,3419,Religious Text (v1.0)
3420,3420,Religious Group (v5)
4983,3420,Religious Group (v6)
7336,3420,Religious Text (v0.1)
8176,3420,Religious Text (v1.0)
3421,3421,Religious Group (v5)
5010,3421,Religious Group (v6)
8203,3421,Religious Text (v1.0)
3422,3422,Religious Group (v5)
5040,3422,Religious Group (v6)
7393,3422,Religious Text (v0.1)
8233,3422,Religious Text (v1.0)
3423,3423,Religious Group (v5)
5034,3423,Religious Group (v6)
7387,3423,Religious Text (v0.1)
8227,3423,Religious Text (v1.0)
3424,3424,Religious Group (v5)
5009,3424,Religious Group (v6)
8202,3424,Religious Text (v1.0)
3425,3425,Religious Group (v5)
5007,3425,Religious Group (v6)
8200,3425,Religious Text (v1.0)
3426,3426,Religious Group (v5)
5037,3426,Religious Group (v6)
7390,3426,Religious Text (v0.1)
8230,3426,Religious Text (v1.0)
3427,3427,Religious Group (v5)
4996,3427,Religious Group (v6)
8189,3427,Religious Text (v1.0)
3428,3428,Religious Group (v5)
5039,3428,Religious Group (v6)
7392,3428,Religious Text (v0.1)
8232,3428,Religious Text (v1.0)
3429,3429,Religious Group (v5)
4999,3429,Religious Group (v6)
8192,3429,Religious Text (v1.0)
3430,3430,Religious Group (v5)
5036,3430,Religious Group (v6)
7389,3430,Religious Text (v0.1)
8229,3430,Religious Text (v1.0)
3431,3431,Religious Group (v5)
5041,3431,Religious Group (v6)
7394,3431,Religious Text (v0.1)
8234,3431,Religious Text (v1.0)
3433,3433,Religious Group (v5)
5030,3433,Religious Group (v6)
8223,3433,Religious Text (v1.0)
3434,3434,Religious Group (v5)
5032,3434,Religious Group (v6)
7385,3434,Religious Text (v0.1)
8225,3434,Religious Text (v1.0)
3435,3435,Religious Group (v5)
5033,3435,Religious Group (v6)
7386,3435,Religious Text (v0.1)
8226,3435,Religious Text (v1.0)
3436,3436,Religious Group (v5)
5026,3436,Religious Group (v6)
8219,3436,Religious Text (v1.0)
3437,3437,Religious Group (v5)
5015,3437,Religious Group (v6)
7368,3437,Religious Text (v0.1)
8208,3437,Religious Text (v1.0)
3438,3438,Religious Group (v5)
5005,3438,Religious Group (v6)
8198,3438,Religious Text (v1.0)
3439,3439,Religious Group (v5)
5028,3439,Religious Group (v6)
8221,3439,Religious Text (v1.0)
3440,3440,Religious Group (v5)
5002,3440,Religious Group (v6)
8195,3440,Religious Text (v1.0)
3441,3441,Religious Group (v5)
5029,3441,Religious Group (v6)
8222,3441,Religious Text (v1.0)
3442,3442,Religious Group (v5)
5008,3442,Religious Group (v6)
8201,3442,Religious Text (v1.0)
3443,3443,Religious Group (v5)
5011,3443,Religious Group (v6)
8204,3443,Religious Text (v1.0)
3444,3444,Religious Group (v5)
4995,3444,Religious Group (v6)
8188,3444,Religious Text (v1.0)
3445,3445,Religious Group (v5)
5013,3445,Religious Group (v6)
8206,3445,Religious Text (v1.0)
3446,3446,Religious Group (v5)
5003,3446,Religious Group (v6)
8196,3446,Religious Text (v1.0)
3447,3447,Religious Group (v5)
5043,3447,Religious Group (v6)
7396,3447,Religious Text (v0.1)
8236,3447,Religious Text (v1.0)
3448,3448,Religious Group (v5)
5042,3448,Religious Group (v6)
7395,3448,Religious Text (v0.1)
8235,3448,Religious Text (v1.0)
3449,3449,Religious Group (v5)
4997,3449,Religious Group (v6)
8190,3449,Religious Text (v1.0)
3450,3450,Religious Group (v5)
5024,3450,Religious Group (v6)
7377,3450,Religious Text (v0.1)
8217,3450,Religious Text (v1.0)
3451,3451,Religious Group (v5)
5012,3451,Religious Group (v6)
8205,3451,Religious Text (v1.0)
3452,3452,Religious Group (v5)
5025,3452,Religious Group (v6)
8218,3452,Religious Text (v1.0)
3453,3453,Religious Group (v5)
4998,3453,Religious Group (v6)
8191,3453,Religious Text (v1.0)
3454,3454,Religious Group (v5)
5004,3454,Religious Group (v6)
8197,3454,Religious Text (v1.0)
3455,3455,Religious Group (v5)
5044,3455,Religious Group (v6)
7397,3455,Religious Text (v0.1)
8237,3455,Religious Text (v1.0)
3466,3466,Religious Group (v5)
5018,3466,Religious Group (v6)
7371,3466,Religious Text (v0.1)
8211,3466,Religious Text (v1.0)
3467,3467,Religious Group (v5)
5023,3467,Religious Group (v6)
7376,3467,Religious Text (v0.1)
8216,3467,Religious Text (v1.0)
3468,3468,Religious Group (v5)
5022,3468,Religious Group (v6)
7375,3468,Religious Text (v0.1)
8215,3468,Religious Text (v1.0)
3469,3469,Religious Group (v5)
5016,3469,Religious Group (v6)
7369,3469,Religious Text (v0.1)
8209,3469,Religious Text (v1.0)
3470,3470,Religious Group (v5)
5019,3470,Religious Group (v6)
7372,3470,Religious Text (v0.1)
8212,3470,Religious Text (v1.0)
3471,3471,Religious Group (v5)
5020,3471,Religious Group (v6)
7373,3471,Religious Text (v0.1)
8213,3471,Religious Text (v1.0)
3472,3472,Religious Group (v5)
5017,3472,Religious Group (v6)
7370,3472,Religious Text (v0.1)
8210,3472,Religious Text (v1.0)
3473,3473,Religious Group (v5)
5021,3473,Religious Group (v6)
7374,3473,Religious Text (v0.1)
8214,3473,Religious Text (v1.0)
3475,3475,Religious Group (v5)
4652,3475,Religious Group (v6)
5231,3475,Religious Place (v1)
5658,3475,Religious Place (v1.1)
6335,3475,Religious Place (v1.2)
3476,3476,Religious Group (v5)
4653,3476,Religious Group (v6)
3477,3477,Religious Group (v5)
4985,3477,Religious Group (v6)
8178,3477,Religious Text (v1.0)
3478,3478,Religious Group (v5)
4986,3478,Religious Group (v6)
8179,3478,Religious Text (v1.0)
3479,3479,Religious Group (v5)
4987,3479,Religious Group (v6)
8180,3479,Religious Text (v1.0)
3480,3480,Religious Group (v5)
4984,3480,Religious Group (v6)
8177,3480,Religious Text (v1.0)
3481,3481,Religious Group (v5)
4988,3481,Religious Group (v6)
8181,3481,Religious Text (v1.0)
3482,3482,Religious Group (v5)
4991,3482,Religious Group (v6)
8184,3482,Religious Text (v1.0)
3483,3483,Religious Group (v5)
4990,3483,Religious Group (v6)
8183,3483,Religious Text (v1.0)
3484,3484,Religious Group (v5)
4993,3484,Religious Group (v6)
8186,3484,Religious Text (v1.0)
3485,3485,Religious Group (v5)
4989,3485,Religious Group (v6)
8182,3485,Religious Text (v1.0)
3486,3486,Religious Group (v5)
4992,3486,Religious Group (v6)
8185,3486,Religious Text (v1.0)
3487,3487,Religious Group (v5)
4994,3487,Religious Group (v6)
8187,3487,Religious Text (v1.0)
3488,3488,Religious Group (v5)
5001,3488,Religious Group (v6)
8194,3488,Religious Text (v1.0)
3489,3489,Religious Group (v5)
5014,3489,Religious Group (v6)
8207,3489,Religious Text (v1.0)
3490,3490,Religious Group (v5)
5031,3490,Religious Group (v6)
8224,3490,Religious Text (v1.0)
3491,3491,Religious Group (v5)
5045,3491,Religious Group (v6)
7398,3491,Religious Text (v0.1)
8238,3491,Religious Text (v1.0)
3492,3492,Religious Group (v5)
5174,3492,Religious Group (v6)
7547,3492,Religious Text (v0.1)
8387,3492,Religious Text (v1.0)
5232,5232,Religious Place (v1)
5659,5232,Religious Place (v1.1)
6336,5232,Religious Place (v1.2)
5233,5233,Religious Place (v1)
5660,5233,Religious Place (v1.1)
6337,5233,Religious Place (v1.2)
5234,5234,Religious Place (v1)
5661,5234,Religious Place (v1.1)
6338,5234,Religious Place (v1.2)
5235,5235,Religious Place (v1)
5662,5235,Religious Place (v1.1)
6339,5235,Religious Place (v1.2)
5236,5236,Religious Place (v1)
5663,5236,Religious Place (v1.1)
6340,5236,Religious Place (v1.2)
5237,5237,Religious Place (v1)
5664,5237,Religious Place (v1.1)
6341,5237,Religious Place (v1.2)
5238,5238,Religious Place (v1)
5665,5238,Religious Place (v1.1)
6342,5238,Religious Place (v1.2)
5239,5239,Religious Place (v1)
5666,5239,Religious Place (v1.1)
6343,5239,Religious Place (v1.2)
5240,5240,Religious Place (v1)
5667,5240,Religious Place (v1.1)
6344,5240,Religious Place (v1.2)
5241,5241,Religious Place (v1)
5668,5241,Religious Place (v1.1)
6345,5241,Religious Place (v1.2)
5242,5242,Religious Place (v1)
5669,5242,Religious Place (v1.1)
6346,5242,Religious Place (v1.2)
5243,5243,Religious Place (v1)
5670,5243,Religious Place (v1.1)
6347,5243,Religious Place (v1.2)
5671,5244,Religious Place (v1.1)
6348,5244,Religious Place (v1.2)
5672,5245,Religious Place (v1.1)
6349,5245,Religious Place (v1.2)
5246,5246,Religious Place (v1)
5673,5246,Religious Place (v1.1)
6350,5246,Religious Place (v1.2)
5674,5247,Religious Place (v1.1)
6351,5247,Religious Place (v1.2)
5248,5248,Religious Place (v1)
5675,5248,Religious Place (v1.1)
6352,5248,Religious Place (v1.2)
5249,5249,Religious Place (v1)
5676,5249,Religious Place (v1.1)
6353,5249,Religious Place (v1.2)
5250,5250,Religious Place (v1)
5677,5250,Religious Place (v1.1)
6354,5250,Religious Place (v1.2)
5251,5251,Religious Place (v1)
5678,5251,Religious Place (v1.1)
6355,5251,Religious Place (v1.2)
5252,5252,Religious Place (v1)
5679,5252,Religious Place (v1.1)
6356,5252,Religious Place (v1.2)
5253,5253,Religious Place (v1)
5680,5253,Religious Place (v1.1)
6357,5253,Religious Place (v1.2)
5254,5254,Religious Place (v1)
5681,5254,Religious Place (v1.1)
6358,5254,Religious Place (v1.2)
5255,5255,Religious Place (v1)
5682,5255,Religious Place (v1.1)
6359,5255,Religious Place (v1.2)
5256,5256,Religious Place (v1)
5683,5256,Religious Place (v1.1)
6360,5256,Religious Place (v1.2)
5257,5257,Religious Place (v1)
5684,5257,Religious Place (v1.1)
6361,5257,Religious Place (v1.2)
5685,5259,Religious Place (v1.1)
6362,5259,Religious Place (v1.2)
5260,5260,Religious Place (v1)
5686,5260,Religious Place (v1.1)
6363,5260,Religious Place (v1.2)
5261,5261,Religious Place (v1)
5687,5261,Religious Place (v1.1)
6364,5261,Religious Place (v1.2)
5262,5262,Religious Place (v1)
5688,5262,Religious Place (v1.1)
6365,5262,Religious Place (v1.2)
5263,5263,Religious Place (v1)
5689,5263,Religious Place (v1.1)
6366,5263,Religious Place (v1.2)
5264,5264,Religious Place (v1)
5690,5264,Religious Place (v1.1)
6367,5264,Religious Place (v1.2)
5266,5266,Religious Place (v1)
5692,5266,Religious Place (v1.1)
6369,5266,Religious Place (v1.2)
5267,5267,Religious Place (v1)
5693,5267,Religious Place (v1.1)
6370,5267,Religious Place (v1.2)
5268,5268,Religious Place (v1)
5694,5268,Religious Place (v1.1)
6371,5268,Religious Place (v1.2)
5269,5269,Religious Place (v1)
5695,5269,Religious Place (v1.1)
6372,5269,Religious Place (v1.2)
5270,5270,Religious Place (v1)
5696,5270,Religious Place (v1.1)
6373,5270,Religious Place (v1.2)
5271,5271,Religious Place (v1)
5697,5271,Religious Place (v1.1)
6374,5271,Religious Place (v1.2)
5272,5272,Religious Place (v1)
5698,5272,Religious Place (v1.1)
6375,5272,Religious Place (v1.2)
5273,5273,Religious Place (v1)
5699,5273,Religious Place (v1.1)
6376,5273,Religious Place (v1.2)
5274,5274,Religious Place (v1)
5700,5274,Religious Place (v1.1)
6377,5274,Religious Place (v1.2)
5275,5275,Religious Place (v1)
5701,5275,Religious Place (v1.1)
6378,5275,Religious Place (v1.2)
5278,5278,Religious Place (v1)
5702,5278,Religious Place (v1.1)
6379,5278,Religious Place (v1.2)
5279,5279,Religious Place (v1)
5703,5279,Religious Place (v1.1)
6380,5279,Religious Place (v1.2)
5704,5280,Religious Place (v1.1)
6381,5280,Religious Place (v1.2)
5707,5283,Religious Place (v1.1)
6384,5283,Religious Place (v1.2)
5284,5284,Religious Place (v1)
5708,5284,Religious Place (v1.1)
6385,5284,Religious Place (v1.2)
5285,5285,Religious Place (v1)
5709,5285,Religious Place (v1.1)
6386,5285,Religious Place (v1.2)
5286,5286,Religious Place (v1)
5710,5286,Religious Place (v1.1)
6387,5286,Religious Place (v1.2)
5287,5287,Religious Place (v1)
5711,5287,Religious Place (v1.1)
6388,5287,Religious Place (v1.2)
5288,5288,Religious Place (v1)
5712,5288,Religious Place (v1.1)
6389,5288,Religious Place (v1.2)
5289,5289,Religious Place (v1)
5713,5289,Religious Place (v1.1)
6390,5289,Religious Place (v1.2)
5290,5290,Religious Place (v1)
5714,5290,Religious Place (v1.1)
6391,5290,Religious Place (v1.2)
5292,5292,Religious Place (v1)
5716,5292,Religious Place (v1.1)
6393,5292,Religious Place (v1.2)
5293,5293,Religious Place (v1)
5717,5293,Religious Place (v1.1)
6394,5293,Religious Place (v1.2)
5294,5294,Religious Place (v1)
5718,5294,Religious Place (v1.1)
6395,5294,Religious Place (v1.2)
5295,5295,Religious Place (v1)
5719,5295,Religious Place (v1.1)
6396,5295,Religious Place (v1.2)
5296,5296,Religious Place (v1)
5720,5296,Religious Place (v1.1)
6397,5296,Religious Place (v1.2)
5297,5297,Religious Place (v1)
5721,5297,Religious Place (v1.1)
6398,5297,Religious Place (v1.2)
5722,5298,Religious Place (v1.1)
6399,5298,Religious Place (v1.2)
5723,5299,Religious Place (v1.1)
6400,5299,Religious Place (v1.2)
5728,5304,Religious Place (v1.1)
6405,5304,Religious Place (v1.2)
5731,5307,Religious Place (v1.1)
6408,5307,Religious Place (v1.2)
5314,5314,Religious Place (v1)
5738,5314,Religious Place (v1.1)
6415,5314,Religious Place (v1.2)
5739,5315,Religious Place (v1.1)
6416,5315,Religious Place (v1.2)
5740,5316,Religious Place (v1.1)
6417,5316,Religious Place (v1.2)
5741,5317,Religious Place (v1.1)
6418,5317,Religious Place (v1.2)
5324,5324,Religious Place (v1)
5748,5324,Religious Place (v1.1)
6425,5324,Religious Place (v1.2)
5325,5325,Religious Place (v1)
5749,5325,Religious Place (v1.1)
6426,5325,Religious Place (v1.2)
5750,5326,Religious Place (v1.1)
6427,5326,Religious Place (v1.2)
5751,5327,Religious Place (v1.1)
6428,5327,Religious Place (v1.2)
5328,5328,Religious Place (v1)
5752,5328,Religious Place (v1.1)
6429,5328,Religious Place (v1.2)
5753,5329,Religious Place (v1.1)
6430,5329,Religious Place (v1.2)
5754,5330,Religious Place (v1.1)
6431,5330,Religious Place (v1.2)
5331,5331,Religious Place (v1)
5755,5331,Religious Place (v1.1)
6432,5331,Religious Place (v1.2)
5756,5332,Religious Place (v1.1)
6433,5332,Religious Place (v1.2)
5757,5333,Religious Place (v1.1)
6434,5333,Religious Place (v1.2)
5334,5334,Religious Place (v1)
5758,5334,Religious Place (v1.1)
6435,5334,Religious Place (v1.2)
5759,5335,Religious Place (v1.1)
6436,5335,Religious Place (v1.2)
5760,5336,Religious Place (v1.1)
6437,5336,Religious Place (v1.2)
5337,5337,Religious Place (v1)
5761,5337,Religious Place (v1.1)
6438,5337,Religious Place (v1.2)
5338,5338,Religious Place (v1)
5762,5338,Religious Place (v1.1)
6439,5338,Religious Place (v1.2)
5339,5339,Religious Place (v1)
5763,5339,Religious Place (v1.1)
6440,5339,Religious Place (v1.2)
5340,5340,Religious Place (v1)
5764,5340,Religious Place (v1.1)
6441,5340,Religious Place (v1.2)
5765,5341,Religious Place (v1.1)
6442,5341,Religious Place (v1.2)
5766,5342,Religious Place (v1.1)
6443,5342,Religious Place (v1.2)
5343,5343,Religious Place (v1)
5767,5343,Religious Place (v1.1)
6444,5343,Religious Place (v1.2)
5344,5344,Religious Place (v1)
5768,5344,Religious Place (v1.1)
6445,5344,Religious Place (v1.2)
5345,5345,Religious Place (v1)
5769,5345,Religious Place (v1.1)
6446,5345,Religious Place (v1.2)
5346,5346,Religious Place (v1)
5770,5346,Religious Place (v1.1)
6447,5346,Religious Place (v1.2)
5347,5347,Religious Place (v1)
5771,5347,Religious Place (v1.1)
6448,5347,Religious Place (v1.2)
5348,5348,Religious Place (v1)
5772,5348,Religious Place (v1.1)
6449,5348,Religious Place (v1.2)
5349,5349,Religious Place (v1)
5773,5349,Religious Place (v1.1)
6450,5349,Religious Place (v1.2)
5350,5350,Religious Place (v1)
5774,5350,Religious Place (v1.1)
6451,5350,Religious Place (v1.2)
5351,5351,Religious Place (v1)
5775,5351,Religious Place (v1.1)
6452,5351,Religious Place (v1.2)
5352,5352,Religious Place (v1)
5776,5352,Religious Place (v1.1)
6453,5352,Religious Place (v1.2)
5353,5353,Religious Place (v1)
5777,5353,Religious Place (v1.1)
6454,5353,Religious Place (v1.2)
5354,5354,Religious Place (v1)
5778,5354,Religious Place (v1.1)
6455,5354,Religious Place (v1.2)
5355,5355,Religious Place (v1)
5779,5355,Religious Place (v1.1)
6456,5355,Religious Place (v1.2)
5356,5356,Religious Place (v1)
5780,5356,Religious Place (v1.1)
6457,5356,Religious Place (v1.2)
5357,5357,Religious Place (v1)
5781,5357,Religious Place (v1.1)
6458,5357,Religious Place (v1.2)
5358,5358,Religious Place (v1)
5782,5358,Religious Place (v1.1)
6459,5358,Religious Place (v1.2)
5359,5359,Religious Place (v1)
5783,5359,Religious Place (v1.1)
6460,5359,Religious Place (v1.2)
5360,5360,Religious Place (v1)
5784,5360,Religious Place (v1.1)
6461,5360,Religious Place (v1.2)
5361,5361,Religious Place (v1)
5785,5361,Religious Place (v1.1)
6462,5361,Religious Place (v1.2)
5362,5362,Religious Place (v1)
5786,5362,Religious Place (v1.1)
6463,5362,Religious Place (v1.2)
5363,5363,Religious Place (v1)
5787,5363,Religious Place (v1.1)
6464,5363,Religious Place (v1.2)
5364,5364,Religious Place (v1)
5788,5364,Religious Place (v1.1)
6465,5364,Religious Place (v1.2)
5365,5365,Religious Place (v1)
5789,5365,Religious Place (v1.1)
6466,5365,Religious Place (v1.2)
5366,5366,Religious Place (v1)
5790,5366,Religious Place (v1.1)
6467,5366,Religious Place (v1.2)
5367,5367,Religious Place (v1)
5791,5367,Religious Place (v1.1)
6468,5367,Religious Place (v1.2)
5368,5368,Religious Place (v1)
5792,5368,Religious Place (v1.1)
6469,5368,Religious Place (v1.2)
5369,5369,Religious Place (v1)
5793,5369,Religious Place (v1.1)
6470,5369,Religious Place (v1.2)
5370,5370,Religious Place (v1)
5794,5370,Religious Place (v1.1)
6471,5370,Religious Place (v1.2)
5371,5371,Religious Place (v1)
5795,5371,Religious Place (v1.1)
6472,5371,Religious Place (v1.2)
5372,5372,Religious Place (v1)
5796,5372,Religious Place (v1.1)
6473,5372,Religious Place (v1.2)
5373,5373,Religious Place (v1)
5797,5373,Religious Place (v1.1)
6474,5373,Religious Place (v1.2)
5374,5374,Religious Place (v1)
5798,5374,Religious Place (v1.1)
6475,5374,Religious Place (v1.2)
5375,5375,Religious Place (v1)
5799,5375,Religious Place (v1.1)
6476,5375,Religious Place (v1.2)
5376,5376,Religious Place (v1)
5800,5376,Religious Place (v1.1)
6477,5376,Religious Place (v1.2)
5377,5377,Religious Place (v1)
5801,5377,Religious Place (v1.1)
6478,5377,Religious Place (v1.2)
5378,5378,Religious Place (v1)
5802,5378,Religious Place (v1.1)
6479,5378,Religious Place (v1.2)
5380,5380,Religious Place (v1)
5804,5380,Religious Place (v1.1)
6481,5380,Religious Place (v1.2)
5381,5381,Religious Place (v1)
5805,5381,Religious Place (v1.1)
6482,5381,Religious Place (v1.2)
5382,5382,Religious Place (v1)
5806,5382,Religious Place (v1.1)
6483,5382,Religious Place (v1.2)
5383,5383,Religious Place (v1)
5807,5383,Religious Place (v1.1)
6484,5383,Religious Place (v1.2)
5384,5384,Religious Place (v1)
5808,5384,Religious Place (v1.1)
6485,5384,Religious Place (v1.2)
5809,5385,Religious Place (v1.1)
6486,5385,Religious Place (v1.2)
5810,5386,Religious Place (v1.1)
6487,5386,Religious Place (v1.2)
5811,5387,Religious Place (v1.1)
6488,5387,Religious Place (v1.2)
5812,5388,Religious Place (v1.1)
6489,5388,Religious Place (v1.2)
5390,5390,Religious Place (v1)
5814,5390,Religious Place (v1.1)
6491,5390,Religious Place (v1.2)
5391,5391,Religious Place (v1)
5815,5391,Religious Place (v1.1)
6492,5391,Religious Place (v1.2)
5392,5392,Religious Place (v1)
5816,5392,Religious Place (v1.1)
6493,5392,Religious Place (v1.2)
5393,5393,Religious Place (v1)
5817,5393,Religious Place (v1.1)
6494,5393,Religious Place (v1.2)
5394,5394,Religious Place (v1)
5818,5394,Religious Place (v1.1)
6495,5394,Religious Place (v1.2)
5395,5395,Religious Place (v1)
5819,5395,Religious Place (v1.1)
6496,5395,Religious Place (v1.2)
5405,5405,Religious Place (v1)
5829,5405,Religious Place (v1.1)
6506,5405,Religious Place (v1.2)
7651,5405,Religious Text (v1.0)
5406,5406,Religious Place (v1)
5830,5406,Religious Place (v1.1)
6507,5406,Religious Place (v1.2)
7652,5406,Religious Text (v1.0)
5408,5408,Religious Place (v1)
5832,5408,Religious Place (v1.1)
6509,5408,Religious Place (v1.2)
7983,5408,Religious Text (v1.0)
5409,5409,Religious Place (v1)
5833,5409,Religious Place (v1.1)
6510,5409,Religious Place (v1.2)
7984,5409,Religious Text (v1.0)
5834,5410,Religious Place (v1.1)
6511,5410,Religious Place (v1.2)
7985,5410,Religious Text (v1.0)
5835,5411,Religious Place (v1.1)
6512,5411,Religious Place (v1.2)
7986,5411,Religious Text (v1.0)
5836,5412,Religious Place (v1.1)
6513,5412,Religious Place (v1.2)
7987,5412,Religious Text (v1.0)
6531,5430,Religious Place (v1.2)
7968,5430,Religious Text (v1.0)
5433,5433,Religious Place (v1)
5857,5433,Religious Place (v1.1)
6534,5433,Religious Place (v1.2)
5476,5476,Religious Place (v1)
5900,5476,Religious Place (v1.1)
6577,5476,Religious Place (v1.2)
7245,5476,Religious Text (v0.1)
8085,5476,Religious Text (v1.0)
5901,5477,Religious Place (v1.1)
6578,5477,Religious Place (v1.2)
7246,5477,Religious Text (v0.1)
8086,5477,Religious Text (v1.0)
5902,5478,Religious Place (v1.1)
6579,5478,Religious Place (v1.2)
7247,5478,Religious Text (v0.1)
8087,5478,Religious Text (v1.0)
5903,5479,Religious Place (v1.1)
6580,5479,Religious Place (v1.2)
7248,5479,Religious Text (v0.1)
8088,5479,Religious Text (v1.0)
5904,5480,Religious Place (v1.1)
6581,5480,Religious Place (v1.2)
7249,5480,Religious Text (v0.1)
8089,5480,Religious Text (v1.0)
5905,5481,Religious Place (v1.1)
6582,5481,Religious Place (v1.2)
7250,5481,Religious Text (v0.1)
8090,5481,Religious Text (v1.0)
5906,5482,Religious Place (v1.1)
6583,5482,Religious Place (v1.2)
7251,5482,Religious Text (v0.1)
8091,5482,Religious Text (v1.0)
5907,5483,Religious Place (v1.1)
6584,5483,Religious Place (v1.2)
7252,5483,Religious Text (v0.1)
8092,5483,Religious Text (v1.0)
5918,5494,Religious Place (v1.1)
6595,5494,Religious Place (v1.2)
5495,5495,Religious Place (v1)
5919,5495,Religious Place (v1.1)
6596,5495,Religious Place (v1.2)
7274,5495,Religious Text (v0.1)
8114,5495,Religious Text (v1.0)
5920,5496,Religious Place (v1.1)
6597,5496,Religious Place (v1.2)
7275,5496,Religious Text (v0.1)
8115,5496,Religious Text (v1.0)
5921,5497,Religious Place (v1.1)
6598,5497,Religious Place (v1.2)
7276,5497,Religious Text (v0.1)
8116,5497,Religious Text (v1.0)
5923,5499,Religious Place (v1.1)
6600,5499,Religious Place (v1.2)
5924,5500,Religious Place (v1.1)
6601,5500,Religious Place (v1.2)
8137,5500,Religious Text (v1.0)
5925,5501,Religious Place (v1.1)
6602,5501,Religious Place (v1.2)
8138,5501,Religious Text (v1.0)
5926,5502,Religious Place (v1.1)
6603,5502,Religious Place (v1.2)
8139,5502,Religious Text (v1.0)
5927,5503,Religious Place (v1.1)
6604,5503,Religious Place (v1.2)
8140,5503,Religious Text (v1.0)
5928,5504,Religious Place (v1.1)
6605,5504,Religious Place (v1.2)
8141,5504,Religious Text (v1.0)
5929,5505,Religious Place (v1.1)
6606,5505,Religious Place (v1.2)
8142,5505,Religious Text (v1.0)
5930,5506,Religious Place (v1.1)
6607,5506,Religious Place (v1.2)
8143,5506,Religious Text (v1.0)
5931,5507,Religious Place (v1.1)
6608,5507,Religious Place (v1.2)
8144,5507,Religious Text (v1.0)
5933,5509,Religious Place (v1.1)
6610,5509,Religious Place (v1.2)
8158,5509,Religious Text (v1.0)
5936,5512,Religious Place (v1.1)
6613,5512,Religious Place (v1.2)
5939,5515,Religious Place (v1.1)
6616,5515,Religious Place (v1.2)
5516,5516,Religious Place (v1)
5940,5516,Religious Place (v1.1)
6617,5516,Religious Place (v1.2)
8033,5516,Religious Text (v1.0)
5517,5517,Religious Place (v1)
5941,5517,Religious Place (v1.1)
6618,5517,Religious Place (v1.2)
8034,5517,Religious Text (v1.0)
5518,5518,Religious Place (v1)
5942,5518,Religious Place (v1.1)
6619,5518,Religious Place (v1.2)
8035,5518,Religious Text (v1.0)
5519,5519,Religious Place (v1)
6034,5519,Religious Place (v1.1)
6711,5519,Religious Place (v1.2)
6933,5519,Religious Text (v0.1)
7773,5519,Religious Text (v1.0)
5523,5523,Religious Place (v1)
6038,5523,Religious Place (v1.1)
6715,5523,Religious Place (v1.2)
6938,5523,Religious Text (v0.1)
7778,5523,Religious Text (v1.0)
5528,5528,Religious Place (v1)
5943,5528,Religious Place (v1.1)
6620,5528,Religious Place (v1.2)
8362,5528,Religious Text (v1.0)
5529,5529,Religious Place (v1)
5944,5529,Religious Place (v1.1)
6621,5529,Religious Place (v1.2)
8363,5529,Religious Text (v1.0)
5530,5530,Religious Place (v1)
5945,5530,Religious Place (v1.1)
6622,5530,Religious Place (v1.2)
8364,5530,Religious Text (v1.0)
5540,5540,Religious Place (v1)
5955,5540,Religious Place (v1.1)
6632,5540,Religious Place (v1.2)
5541,5541,Religious Place (v1)
5956,5541,Religious Place (v1.1)
6633,5541,Religious Place (v1.2)
8365,5541,Religious Text (v1.0)
6634,5542,Religious Place (v1.2)
8366,5542,Religious Text (v1.0)
6635,5543,Religious Place (v1.2)
8367,5543,Religious Text (v1.0)
6636,5544,Religious Place (v1.2)
8368,5544,Religious Text (v1.0)
6638,5546,Religious Place (v1.2)
8369,5546,Religious Text (v1.0)
5548,5548,Religious Place (v1)
5963,5548,Religious Place (v1.1)
6640,5548,Religious Place (v1.2)
8370,5548,Religious Text (v1.0)
5964,5549,Religious Place (v1.1)
6641,5549,Religious Place (v1.2)
8371,5549,Religious Text (v1.0)
5965,5550,Religious Place (v1.1)
6642,5550,Religious Place (v1.2)
8372,5550,Religious Text (v1.0)
5966,5551,Religious Place (v1.1)
6643,5551,Religious Place (v1.2)
8373,5551,Religious Text (v1.0)
5967,5552,Religious Place (v1.1)
6644,5552,Religious Place (v1.2)
8374,5552,Religious Text (v1.0)
5968,5553,Religious Place (v1.1)
6645,5553,Religious Place (v1.2)
8377,5553,Religious Text (v1.0)
5554,5554,Religious Place (v1)
5969,5554,Religious Place (v1.1)
6646,5554,Religious Place (v1.2)
8378,5554,Religious Text (v1.0)
5970,5555,Religious Place (v1.1)
6647,5555,Religious Place (v1.2)
8379,5555,Religious Text (v1.0)
5971,5556,Religious Place (v1.1)
6648,5556,Religious Place (v1.2)
8380,5556,Religious Text (v1.0)
5557,5557,Religious Place (v1)
5972,5557,Religious Place (v1.1)
6649,5557,Religious Place (v1.2)
8381,5557,Religious Text (v1.0)
5558,5558,Religious Place (v1)
5973,5558,Religious Place (v1.1)
6650,5558,Religious Place (v1.2)
8382,5558,Religious Text (v1.0)
5559,5559,Religious Place (v1)
5974,5559,Religious Place (v1.1)
6651,5559,Religious Place (v1.2)
8383,5559,Religious Text (v1.0)
5560,5560,Religious Place (v1)
5975,5560,Religious Place (v1.1)
6652,5560,Religious Place (v1.2)
8384,5560,Religious Text (v1.0)
5561,5561,Religious Place (v1)
5976,5561,Religious Place (v1.1)
6653,5561,Religious Place (v1.2)
8385,5561,Religious Text (v1.0)
5562,5562,Religious Place (v1)
5977,5562,Religious Place (v1.1)
6654,5562,Religious Place (v1.2)
8386,5562,Religious Text (v1.0)
5980,5565,Religious Place (v1.1)
6657,5565,Religious Place (v1.2)
5981,5566,Religious Place (v1.1)
6658,5566,Religious Place (v1.2)
7897,5566,Religious Text (v1.0)
5982,5567,Religious Place (v1.1)
6659,5567,Religious Place (v1.2)
7898,5567,Religious Text (v1.0)
5983,5568,Religious Place (v1.1)
6660,5568,Religious Place (v1.2)
7899,5568,Religious Text (v1.0)
5984,5569,Religious Place (v1.1)
6661,5569,Religious Place (v1.2)
7900,5569,Religious Text (v1.0)
5985,5570,Religious Place (v1.1)
6662,5570,Religious Place (v1.2)
7901,5570,Religious Text (v1.0)
5986,5571,Religious Place (v1.1)
6663,5571,Religious Place (v1.2)
7902,5571,Religious Text (v1.0)
5987,5572,Religious Place (v1.1)
6664,5572,Religious Place (v1.2)
7903,5572,Religious Text (v1.0)
5573,5573,Religious Place (v1)
5988,5573,Religious Place (v1.1)
6665,5573,Religious Place (v1.2)
7905,5573,Religious Text (v1.0)
5574,5574,Religious Place (v1)
5989,5574,Religious Place (v1.1)
6666,5574,Religious Place (v1.2)
7906,5574,Religious Text (v1.0)
5575,5575,Religious Place (v1)
5990,5575,Religious Place (v1.1)
6667,5575,Religious Place (v1.2)
7907,5575,Religious Text (v1.0)
5576,5576,Religious Place (v1)
5991,5576,Religious Place (v1.1)
6668,5576,Religious Place (v1.2)
7908,5576,Religious Text (v1.0)
5577,5577,Religious Place (v1)
5992,5577,Religious Place (v1.1)
6669,5577,Religious Place (v1.2)
7910,5577,Religious Text (v1.0)
5578,5578,Religious Place (v1)
5993,5578,Religious Place (v1.1)
6670,5578,Religious Place (v1.2)
7912,5578,Religious Text (v1.0)
5579,5579,Religious Place (v1)
5994,5579,Religious Place (v1.1)
6671,5579,Religious Place (v1.2)
7914,5579,Religious Text (v1.0)
5580,5580,Religious Place (v1)
5995,5580,Religious Place (v1.1)
6672,5580,Religious Place (v1.2)
7915,5580,Religious Text (v1.0)
5581,5581,Religious Place (v1)
5996,5581,Religious Place (v1.1)
6673,5581,Religious Place (v1.2)
7888,5581,Religious Text (v1.0)
5582,5582,Religious Place (v1)
5997,5582,Religious Place (v1.1)
6674,5582,Religious Place (v1.2)
5583,5583,Religious Place (v1)
5998,5583,Religious Place (v1.1)
6675,5583,Religious Place (v1.2)
7890,5583,Religious Text (v1.0)
5584,5584,Religious Place (v1)
5999,5584,Religious Place (v1.1)
6676,5584,Religious Place (v1.2)
6000,5585,Religious Place (v1.1)
6677,5585,Religious Place (v1.2)
6001,5586,Religious Place (v1.1)
6678,5586,Religious Place (v1.2)
6002,5587,Religious Place (v1.1)
6679,5587,Religious Place (v1.2)
5588,5588,Religious Place (v1)
6003,5588,Religious Place (v1.1)
6680,5588,Religious Place (v1.2)
7891,5588,Religious Text (v1.0)
5589,5589,Religious Place (v1)
6004,5589,Religious Place (v1.1)
6681,5589,Religious Place (v1.2)
7892,5589,Religious Text (v1.0)
6005,5590,Religious Place (v1.1)
6682,5590,Religious Place (v1.2)
7893,5590,Religious Text (v1.0)
5591,5591,Religious Place (v1)
6006,5591,Religious Place (v1.1)
6683,5591,Religious Place (v1.2)
7278,5591,Religious Text (v0.1)
8118,5591,Religious Text (v1.0)
6007,5592,Religious Place (v1.1)
6684,5592,Religious Place (v1.2)
8119,5592,Religious Text (v1.0)
6008,5593,Religious Place (v1.1)
6685,5593,Religious Place (v1.2)
6009,5594,Religious Place (v1.1)
6686,5594,Religious Place (v1.2)
6010,5595,Religious Place (v1.1)
6687,5595,Religious Place (v1.2)
6011,5596,Religious Place (v1.1)
6688,5596,Religious Place (v1.2)
6012,5597,Religious Place (v1.1)
6689,5597,Religious Place (v1.2)
8120,5597,Religious Text (v1.0)
6013,5598,Religious Place (v1.1)
6690,5598,Religious Place (v1.2)
8121,5598,Religious Text (v1.0)
6014,5599,Religious Place (v1.1)
6691,5599,Religious Place (v1.2)
8122,5599,Religious Text (v1.0)
6015,5600,Religious Place (v1.1)
6692,5600,Religious Place (v1.2)
8123,5600,Religious Text (v1.0)
6016,5601,Religious Place (v1.1)
6693,5601,Religious Place (v1.2)
8124,5601,Religious Text (v1.0)
6017,5602,Religious Place (v1.1)
6694,5602,Religious Place (v1.2)
8125,5602,Religious Text (v1.0)
6018,5603,Religious Place (v1.1)
6695,5603,Religious Place (v1.2)
8126,5603,Religious Text (v1.0)
6019,5604,Religious Place (v1.1)
6696,5604,Religious Place (v1.2)
8127,5604,Religious Text (v1.0)
6020,5605,Religious Place (v1.1)
6697,5605,Religious Place (v1.2)
8128,5605,Religious Text (v1.0)
6021,5606,Religious Place (v1.1)
6698,5606,Religious Place (v1.2)
8129,5606,Religious Text (v1.0)
6022,5607,Religious Place (v1.1)
6699,5607,Religious Place (v1.2)
8130,5607,Religious Text (v1.0)
6023,5608,Religious Place (v1.1)
6700,5608,Religious Place (v1.2)
8131,5608,Religious Text (v1.0)
6024,5609,Religious Place (v1.1)
6701,5609,Religious Place (v1.2)
8132,5609,Religious Text (v1.0)
6025,5610,Religious Place (v1.1)
6702,5610,Religious Place (v1.2)
8133,5610,Religious Text (v1.0)
6026,5611,Religious Place (v1.1)
6703,5611,Religious Place (v1.2)
8134,5611,Religious Text (v1.0)
5612,5612,Religious Place (v1)
6027,5612,Religious Place (v1.1)
6704,5612,Religious Place (v1.2)
6957,5612,Religious Text (v0.1)
7797,5612,Religious Text (v1.0)
6028,5613,Religious Place (v1.1)
6705,5613,Religious Place (v1.2)
7800,5613,Religious Text (v1.0)
6029,5614,Religious Place (v1.1)
6706,5614,Religious Place (v1.2)
6030,5615,Religious Place (v1.1)
6707,5615,Religious Place (v1.2)
6961,5615,Religious Text (v0.1)
7801,5615,Religious Text (v1.0)
6031,5616,Religious Place (v1.1)
6708,5616,Religious Place (v1.2)
6032,5617,Religious Place (v1.1)
6709,5617,Religious Place (v1.2)
6962,5617,Religious Text (v0.1)
7802,5617,Religious Text (v1.0)
6033,5618,Religious Place (v1.1)
6710,5618,Religious Place (v1.2)
5619,5619,Religious Place (v1)
6043,5619,Religious Place (v1.1)
6720,5619,Religious Place (v1.2)
6831,5619,Religious Text (v0.1)
7671,5619,Religious Text (v1.0)
6044,5620,Religious Place (v1.1)
6721,5620,Religious Place (v1.2)
6832,5620,Religious Text (v0.1)
7672,5620,Religious Text (v1.0)
6045,5621,Religious Place (v1.1)
6722,5621,Religious Place (v1.2)
6833,5621,Religious Text (v0.1)
7673,5621,Religious Text (v1.0)
6046,5622,Religious Place (v1.1)
6723,5622,Religious Place (v1.2)
6834,5622,Religious Text (v0.1)
7674,5622,Religious Text (v1.0)
6047,5623,Religious Place (v1.1)
6724,5623,Religious Place (v1.2)
6835,5623,Religious Text (v0.1)
7675,5623,Religious Text (v1.0)
6048,5624,Religious Place (v1.1)
6725,5624,Religious Place (v1.2)
6836,5624,Religious Text (v0.1)
7676,5624,Religious Text (v1.0)
6049,5625,Religious Place (v1.1)
6726,5625,Religious Place (v1.2)
6839,5625,Religious Text (v0.1)
7679,5625,Religious Text (v1.0)
6051,5627,Religious Place (v1.1)
6728,5627,Religious Place (v1.2)
6841,5627,Religious Text (v0.1)
7681,5627,Religious Text (v1.0)
5628,5628,Religious Place (v1)
6052,5628,Religious Place (v1.1)
6729,5628,Religious Place (v1.2)
6842,5628,Religious Text (v0.1)
7682,5628,Religious Text (v1.0)
5629,5629,Religious Place (v1)
6053,5629,Religious Place (v1.1)
6730,5629,Religious Place (v1.2)
6843,5629,Religious Text (v0.1)
7683,5629,Religious Text (v1.0)
5630,5630,Religious Place (v1)
6054,5630,Religious Place (v1.1)
6731,5630,Religious Place (v1.2)
6844,5630,Religious Text (v0.1)
7684,5630,Religious Text (v1.0)
5631,5631,Religious Place (v1)
6055,5631,Religious Place (v1.1)
6732,5631,Religious Place (v1.2)
7564,5631,Religious Text (v0.1)
8404,5631,Religious Text (v1.0)
5632,5632,Religious Place (v1)
6056,5632,Religious Place (v1.1)
6733,5632,Religious Place (v1.2)
8405,5632,Religious Text (v1.0)
5633,5633,Religious Place (v1)
6057,5633,Religious Place (v1.1)
6734,5633,Religious Place (v1.2)
8406,5633,Religious Text (v1.0)
5634,5634,Religious Place (v1)
6058,5634,Religious Place (v1.1)
6735,5634,Religious Place (v1.2)
8409,5634,Religious Text (v1.0)
6059,5635,Religious Place (v1.1)
6736,5635,Religious Place (v1.2)
6060,5636,Religious Place (v1.1)
6737,5636,Religious Place (v1.2)
8410,5636,Religious Text (v1.0)
6061,5637,Religious Place (v1.1)
6738,5637,Religious Place (v1.2)
8411,5637,Religious Text (v1.0)
5638,5638,Religious Place (v1)
6062,5638,Religious Place (v1.1)
6739,5638,Religious Place (v1.2)
7572,5638,Religious Text (v0.1)
8412,5638,Religious Text (v1.0)
6064,5640,Religious Place (v1.1)
6741,5640,Religious Place (v1.2)
7575,5640,Religious Text (v0.1)
8415,5640,Religious Text (v1.0)
6065,5641,Religious Place (v1.1)
6742,5641,Religious Place (v1.2)
7576,5641,Religious Text (v0.1)
8416,5641,Religious Text (v1.0)
6068,5644,Religious Place (v1.1)
6745,5644,Religious Place (v1.2)
7579,5644,Religious Text (v0.1)
8419,5644,Religious Text (v1.0)
5645,5645,Religious Place (v1)
6069,5645,Religious Place (v1.1)
6746,5645,Religious Place (v1.2)
6072,5648,Religious Place (v1.1)
6749,5648,Religious Place (v1.2)
6074,5650,Religious Place (v1.1)
6751,5650,Religious Place (v1.2)
6076,5652,Religious Place (v1.1)
6753,5652,Religious Place (v1.2)
6077,5653,Religious Place (v1.1)
6754,5653,Religious Place (v1.2)
6078,5654,Religious Place (v1.1)
6755,5654,Religious Place (v1.2)
6079,5655,Religious Place (v1.1)
6756,5655,Religious Place (v1.2)
